id_reclamo,distancia_centro_km,conexiones_afectadas,calificacion_atencion
0939E4A2608968D,79.22,80.0,3.9
30BA7EBE2E89EB1,33.57,14.0,4.2
118B2D75044F1F6,58.29,12.0,4.9
5260B9FC8CD277B,4.26,35.0,5.0
554A8A1A599D837,65360.0,254.0,
BDBB829535C2A03,97.96,,4.1
F3A7F7D0D26D6DB,11.19,34.0,3.7
4F682449CCEB416,82.17,17.0,5.0
F0F56089BE93647,81.89,14.0,4.4
C4CA4A07351B263,107.54,31.0,4.5
DC6E167A8E55D6A,42.59,,2.2
ABD569667C940B8,67.67,33.0,
C68DB841DE610A7,50.62,73.0,3.8
1530B56D895C915,12.14,28.0,2.3
1D0E92F5E55812C,69.59,3.0,4.4
C1FD9AEFC36725C,45.69,12.0,4.2
27E7DE7F8E11537,0.4,40.0,4.3
8A06A58723098F3,79.68,14.0,5.0
B029B5AE314095F,31.95,4.0,3.7
79185A185A973E1,22.65,38.0,
D5F7382316C027A,11.31,14.0,5.0
4540688C4A72C92,6620.0,30.0,4.7
F202E6E8D1A73E7,59.97,203.0,3.4
567C55BFC8EDA40,59.64,56.0,4.3
A21824936B99EE1,11.06,49.0,3.1
DC5CA4C57BAFFB6,50.13,15.0,2.7
2AB422037A4F245,4.52,208.0,4.1
07692C5D6C4D51C,39800.0,,4.9
A7A330C40BC41CA,0.4,10.0,4.0
8000D30E5862FED,18.76,71.0,3.7
813FFD23BF35E45,56.87,58.0,
5A732AB7C1CD773,10.49,11.0,5.0
BB2D5C3A69085D2,98.31,17.0,3.1
4950BA73152D427,19.13,178.0,3.1
FC3125FDAC95560,0.4,58.0,5.0
0AA34C7C4C3311E,38.09,24.0,4.3
40847B9D7090F97,59.49,42.0,4.7
77EA5F7DC38A3C2,13.17,7.0,4.2
4E8BBDA9CCFD35A,88.53,25.0,4.9
680210706F905A0,49.58,9.0,5.0
2D6B3437C806FE0,55.67,34.0,
374FFE24FBB1EAB,54.79,12.0,4.1
FE8682DF25C87E0,48.69,179.0,3.6
641535B0D5486F9,19.59,53.0,
F1AD8B466E40D9F,22.33,3.0,1.8
67D006409E162D8,55.04,10.0,3.3
DAD1E7030A55876,0.4,19.0,4.7
A7D552DF167C374,5.26,39.0,4.8
091BBE21D9D95B3,47.77,11.0,1.7
4EF2F4ED53C6F80,36.38,30.0,5.0
1C9FAEC3FAB9E0F,33.64,45.0,4.1
0641AEDEF7FDA25,8.16,252.0,
FA9E1B0EB12C31E,4.25,57.0,4.8
32A817C244618D4,49.68,27.0,
BFE19299AEFBA74,50.67,67.0,4.9
EF9155111477A7B,8.22,17.0,
1D11F0C8A26B2B7,63.3,45.0,4.0
29E2F130AA68362,25.81,47.0,4.7
22B9F054FADACE1,63.79,,4.5
B4CA85090529D98,7.57,6.0,
15320C8111AD488,11.5,94.0,5.0
1192CFC7D07D78D,0.4,,4.6
9D9774D25E898C0,0.4,4.0,5.0
91A264756DB3903,0.4,38.0,5.0
77AE2A61352D270,0.4,41.0,4.9
2CE5386C8783A7C,21.62,13.0,
1F8A45170F28294,27.4,53.0,5.0
6B59036E6B817B9,54.05,30.0,3.8
A622CC23D7D8E3B,0.4,14.0,
B6AC02024CBC7C5,12.95,22.0,2.7
1BD07D3C901FA36,28.39,16.0,2.3
BF01AEBB8B577B4,9.35,57.0,
6CE2D2C56DB270A,16.25,9.0,5.0
5026BD1812621F2,11.7,23.0,5.0
704792CB28F8E2A,18.07,28.0,2.4
3F6C38594CD1800,36.0,29.0,4.8
42ECCA44FE140EB,18.15,58.0,2.0
25EFD9B56A7AFCD,0.4,3.0,
7D877F08D90E263,56.82,3.0,4.5
976F07A983FD7D4,0.4,33.0,4.6
6E436B8B535D965,98.21,21.0,4.3
B74837D18885012,0.4,40.0,4.4
C721442F2897F3F,6.64,70.0,1.6
1E3D14DD79024AB,41.02,79.0,3.7
3A9C4E3B03CDF52,13.02,17.0,4.0
F5107A7286C9D00,59.75,,
D551643A1C62909,0.4,35.0,3.4
480CAFE39CCC1A8,2.86,8.0,4.2
A354A770B512344,3.69,5.0,3.9
A5A0C4A3E465EDE,0.4,38.0,4.2
1D1456F1A48B044,18.85,49.0,4.5
BD1BBCD066FC5A6,35.74,13.0,4.1
65448F90F1397A1,0.4,131.0,5.0
81265F872FE5983,12.25,24.0,4.2
C475FA23DFEF596,25.16,51.0,2.6
E80F73EFDEC8C39,45.1,47.0,3.6
11989D003474EB7,72.56,9.0,4.2
0004598C26700BC,29.72,43.0,4.5
313C39433A0A71D,18.42,23.0,1.8
75B44D494A8C35B,5.77,21.0,3.2
CA881919C55D26D,8.96,53.0,
845BF1F168D2F79,25.5,32.0,3.6
0455C8BC0DF448D,79.4,4.0,3.6
A1CFDF2E50FBFCC,113.19,48.0,3.0
2B5CB97908EBE6D,19.57,250.0,5.0
EAC67A8B8DF5354,92.93,32.0,2.9
D73CDA9DAB9286D,8.86,10.0,
3924D3287065B38,6.81,22.0,
A2350EA20A2D570,0.4,14.0,3.7
F553152D2E388BA,88.16,17.0,4.1
4F98ED324EF80F1,49.5,48.0,
C49242411CF1D40,32.46,13.0,1.8
6548D647A458E03,36.19,16.0,
9025B3FB6C4491D,15.9,47.0,
070DBA9385AD3D4,26.7,61.0,4.0
A7878005FD193E7,55.84,15.0,5.0
17CCF777448853B,3.96,30.0,3.8
927E6E863A6B9B5,58.64,60.0,4.5
C0EC83712BF34B7,42.33,9.0,4.6
624903F57648351,8.46,50.0,2.8
A3653DA4406FECE,3.53,13.0,4.4
6217A4F21594640,61.15,314.0,5.0
A02CB1C25E68882,0.4,16.0,4.9
83DBBBC4E7F3D5E,36.51,136.0,4.3
8F20F41905773A5,11.56,,3.1
BC510B4ED4959F2,55.64,,4.9
DB700A645F6DECC,73.56,20.0,4.1
CCFC76EDF9BFCC3,8.98,31.0,4.9
29811E9648527C6,12.1,67.0,5.0
662A1034DC40D3D,3.41,48.0,3.8
ECB541C3103052C,61.21,26.0,5.0
67C8A19890094B8,100.5,102.0,2.1
D05CA7A054D78F1,51.52,9.0,4.9
452F1E946C9A5B2,0.4,7.0,4.8
7C25D8903AB51BD,47.2,7.0,4.4
A338C5DFB4D5ED2,52.65,221.0,4.6
F2BEF9F69687E49,3.53,13.0,4.0
53DCA823EA88096,5.19,28.0,4.7
13B98ED2D262601,5.69,30.0,4.4
B5CBE1B094AD567,55.66,23.0,3.7
7C20B1925E4391C,15.63,5.0,4.4
D4C9CCDBB8B6159,83.37,12.0,5.0
E7E035412E29CD5,12.49,99.0,5.0
7A1EC5450957640,4.58,113.0,
274C1BEE6EBE38B,14.02,333.0,4.1
D47684FAF722AFA,51.89,3.0,4.4
BE1950EB47644A9,40.72,18.0,3.6
7D6D931C725458A,41.77,7.0,
AA1124D3A1761F1,66.54,80.0,5.0
FCA235D6C9B3FBE,72.03,40.0,
51AD35AB5AF5582,12.35,4.0,1.7
00CABD3EC331A36,9.65,49.0,3.4
D13D089417BE364,49.42,,
3F2FDD53D12D59B,33.05,7.0,3.6
7753DD60ED6CE9B,0.4,79.0,4.3
77A81B02D5C7974,31.1,8.0,4.1
FBAF975B88382F9,11.23,,5.0
F2C5042C90F75C0,66.58,9.0,4.3
BB38F002D77EAC7,5130.0,109.0,5.0
92BF6032D21E202,54.12,37.0,5.0
D36D973D7532AEC,59.31,24.0,4.2
C23935D1304BF6F,57.31,15.0,4.7
A5AD688FAF159DB,26.04,41.0,2.5
BDA03E35E103AE9,96.79,72.0,4.0
5DB9DF70967B181,2.16,34.0,4.1
1D7C752A61E2558,0.4,34.0,4.5
DE9F436B3EDFD9C,10.63,,4.5
09E7409747308B4,26.88,116.0,3.0
C652D42D13D5DCB,19.4,16.0,4.5
C4C566F2320A4D8,14.88,24.0,4.2
4EF404E5E9147E7,95.12,62.0,3.0
CC9532E7A7BCB2C,43.11,97.0,3.8
804E8DE68203C93,37.34,44.0,3.3
DC507889D7EF992,36.42,18.0,4.1
A457B421A5BBEF1,13.57,16.0,4.7
DFB017626FB2CFC,10.72,166.0,3.9
3DD1BA08C3C2ADB,8.38,47.0,4.6
0EB5C46645A1CB3,69.92,6.0,5.0
E84923D1D560B94,49.36,17.0,5.0
4FF26995D7179E4,80.11,42.0,5.0
E489AA43C939E87,1.76,71.0,4.5
977E3302B44467E,85.21,71.0,
7419FE4F297BAD8,59.01,279.0,4.5
56C45D53F12CC8A,11.67,13.0,
8A9C524C114014F,8.46,10.0,2.3
DA6AA1C9DDB18B6,43.49,244.0,3.7
65468100F92C3EA,43.25,,4.8
995B5A71A49C872,27.6,48.0,3.7
6A85F459A6472F5,17.34,5.0,
1715C01344B7017,49790.0,23.0,4.8
8D2DEE449528142,4.67,34.0,4.6
53B978CE86EDC7A,54.6,17.0,5.0
7C61757A0DE3408,0.4,9.0,3.8
A8561BEBEA09108,16.13,24.0,3.9
5EE79DA6195F630,6.73,63.0,4.9
243EAB945DB6614,19.82,44.0,4.9
BE39E6A97FBA551,0.4,,4.2
C2455640499F737,1.77,2.0,4.6
4116D315587DA0D,53550.0,28.0,1.9
B6BE34BC864ADB9,41.65,23.0,2.7
FCF66F1364A65A5,0.4,67.0,5.0
8ED54FD80952CE3,11.69,,2.7
2EE9FF2ADEAFCBD,10.27,32.0,
1D5BF540E46ECA9,6.49,166.0,4.7
1C40980F0B8BA97,14.69,90.0,2.2
9E186D266D5C701,63.14,18.0,5.0
5C7C20B12C5C407,61.55,14.0,4.6
4F44F86D2BF71B8,102.91,40.0,5.0
E57CBB542D102EF,15.2,20.0,5.0
FE1A008A0EB7F55,13.59,27.0,2.9
4D88F843BF90BF9,46.62,94.0,4.9
E53C17206E3DF34,9.18,87.0,5.0
60E3C29E86B2E65,6.94,16.0,3.5
4801674CCFA6F4A,15.97,40.0,
B5CDE19047F0B3A,0.4,4.0,5.0
B6D500D0E4ACA46,13.09,40.0,5.0
C42B62C061F0579,6.31,9.0,4.3
720EE81A24B31B3,42.2,53.0,2.3
18D7B2B1968D16E,37.61,20.0,3.7
633531C172F7179,0.4,218.0,5.0
176FFFC920C2115,0.91,14.0,5.0
D37FE6FD554E7CC,12.9,48.0,4.3
8A306C936DAC931,78.81,7.0,4.7
A7A1DFFE978D795,14.15,75.0,4.6
532CDC068B6FF4A,29.83,28.0,3.5
327465E191A4E77,9.72,,3.8
C77AF812F7C8594,72.73,18.0,3.9
D251CB16A869156,67.98,38.0,4.2
CD9E86B31A18DC0,1.89,101.0,3.6
656572E079A2609,0.4,105.0,4.4
29FB7260AF16D74,50.44,33.0,4.2
B6793FC400C0733,60.53,18.0,4.8
59D8B9B44D5CB61,17.42,44.0,2.1
508852AC6F87C35,22.74,4.0,
F4F323C51B167A4,68.49,13.0,3.8
55037A2579D2851,13.29,,3.8
F27E5E9B64B1C40,0.4,82.0,3.0
EEAA1616F361A53,4.55,11.0,4.3
3509683480E3A7D,0.4,26.0,4.4
5363F015D2CD5DC,54.71,8.0,4.4
CCE1FAEEBEC47AD,15.48,51.0,3.2
373EF3A9EEB53B2,86.04,23.0,4.0
2DE2F96B2BC67BB,21.1,17.0,3.9
0534A7B2CCA194C,56.46,5.0,5.0
9D99943B1ECD1F7,14.91,32.0,1.7
880F710AC1A5A5A,6.51,29.0,5.0
20860E260C6CA2C,18.53,15.0,2.3
EE5BDB7F18AA271,0.4,13.0,2.3
91DFF84C0B7D524,16.11,76.0,3.1
F55559841C71A1F,59.24,14.0,5.0
3C009ABFD106D78,55.76,264.0,4.4
1ABC986C26521B8,12.64,43.0,4.0
15E24164ED91844,0.4,52.0,4.2
D034FE0B237DC96,57.5,28.0,3.6
82FCC0380C35B33,6.29,106.0,5.0
59EBE0863C10995,7.52,,4.7
7F765E3DD9A55E4,52.57,9.0,5.0
5127DF56BACB58E,0.4,26.0,4.8
944F2C438356CBB,39.03,81.0,4.9
054C924BB34644F,48.17,23.0,4.6
7F0DA09163D9CCB,47.59,68.0,4.2
F83A073FA0093FD,13.1,14.0,4.5
4D16FB7889AD050,28.6,16.0,4.5
FC51A40805829DA,74.43,4.0,1.8
DB44BEF5E4D8A30,6.68,29.0,4.7
3B9163D03A53BD8,28.17,47.0,
279A0DA9FA5C56E,7.1,26.0,3.5
F52C72A5223396E,15.99,2.0,4.0
8D27BE945BB5674,2.66,20.0,4.9
8345023DFDD7229,64.93,9.0,4.2
35700649665DD31,17.24,89.0,4.4
A4E54F6950BFE0D,22.31,14.0,4.4
12B48FECABC7E74,19.09,22.0,2.2
F8CD8011459BD8E,80.86,53.0,3.6
337024FBE515CCD,44.06,13.0,5.0
C278FE4C57ACFE6,10.44,36.0,1.7
D3A5437F2F2B84D,45.84,207.0,3.8
01D2D453D7D822A,43.48,15.0,5.0
824B6346C70FD12,7.12,16.0,4.9
2D67A6B7BD3EF06,32.11,26.0,
5F5ABFCA4919EF8,19.12,63.0,3.9
F3CF7DE55FD5452,13.23,56.0,4.9
3CCCB5BFBB9F86B,95.2,144.0,3.9
294948BB95A3B43,29.51,10.0,3.1
08EDBC70282264B,56.51,10.0,3.6
76CBC0E3D044A6E,11.48,,
BD0F44C426AD58E,73.7,75.0,
C778D0BAAFA606B,0.98,75.0,4.0
22E45D49EDDD015,3.2,4.0,5.0
0BDBA4AF626F8BC,60.51,24.0,
642D3960F3B524E,10.63,13.0,4.7
1D4C3E043EC17FC,74.35,27.0,4.8
E8200D2AA5B84C8,0.4,111.0,3.9
E25C150D27817D0,81.89,10.0,4.2
7E7E07EE43231DD,14.87,115.0,3.3
9B416859629BC59,76.97,11.0,1.8
36BEAC471DFE6BB,30.12,17.0,
B28AE7057A1F105,29.39,13.0,4.1
D01223272A269B4,60.14,22.0,2.9
219E340046BA43B,0.4,25.0,5.0
C4E9FE6B3B3E8C3,16.95,,2.2
EB3AD046F1D574B,8.19,6.0,4.5
996047502024180,14.45,8.0,3.7
F065604D4AFB046,3.77,28.0,4.1
7FAEF68EB74D02D,4.19,65.0,4.1
880AB508E2BDF3A,53.56,3.0,4.8
29E6A1D0DBDAD71,12.58,45.0,
23665245562678B,45.31,3.0,3.4
49CADDEE23F8642,63.77,141.0,3.5
7444B4A27251527,78.49,18.0,4.1
4D8CC8E83E18941,2.76,26.0,4.7
986C3F5949C3BF5,53.99,32.0,3.8
2C6CC6929AFAAC9,54.58,45.0,4.5
1BC01BAF2F04744,52.99,22.0,5.0
29A680421D2AAE6,48.55,22.0,3.3
D35BED59F2C259F,30.41,23.0,4.0
F8F9E3D9674DFFC,83.23,176.0,4.8
5E3D685361BB1FC,0.4,12.0,
75D1038B866E168,33.4,60.0,
84A0582F5E56CB6,7.61,112.0,
6D5A4BD1392CF4F,4.06,55.0,4.3
D4AD0A4A7E22BCD,16.92,,5.0
5773F5382B3D4B6,51.06,32.0,
C654C3C21201928,43.72,27.0,4.1
7CC46ECE6B650E3,42.65,36.0,3.2
9286734E30CD1ED,9.03,15.0,4.6
C05D3ACC9653DAA,18.75,46.0,4.8
D32D0467016FFA2,63.67,30.0,1.7
B90FC61DD4557D5,3.49,182.0,3.4
4E43D8D1CC5ADF1,57.24,79.0,4.4
6AE8426D07F259B,25.88,10.0,2.8
CA6517D1D648B01,68.9,22.0,4.3
494CA90DE58F8C9,41.17,24.0,5.0
DF212799A2C1096,4.52,15.0,4.4
24A7484DD1DAF11,0.4,8.0,5.0
08DE32D91542497,96.82,25.0,4.4
DEA13A9C70D672D,38.3,11.0,4.2
369E2644A08502C,9.43,29.0,4.7
4EBAC37336A4391,2.57,69.0,
89E3422FD65923F,52.84,26.0,3.8
6AAA799F7DF5540,7.37,23.0,
0897ADF769A5F30,61.55,14.0,5.0
B4DC5F5BA8DE481,56.8,10.0,5.0
438B9DC7D7DF7F7,18.73,49.0,5.0
6E1036AADF80A06,97.1,72.0,3.5
61AD61A58EA91F0,16.71,8.0,4.2
08FC99F9524D539,9.4,23.0,
A3F94F631884D48,6.83,116.0,4.6
C831DC085FECD61,11.98,29.0,4.5
A370AA9C6B5362D,45.04,13.0,5.0
7733C604A8BC1AF,45.63,16.0,4.9
5F276E0BD0EA1BF,13.61,43.0,4.4
4D919673A28EAA0,51.85,22.0,
66388014E61DCEC,8.21,64.0,4.9
4AAE28A61D1DD2D,22.28,42.0,4.9
340F366367962ED,81.2,33.0,3.0
021E63C3F4562B1,40.78,,3.8
D81239F1B97995E,72.46,16.0,5.0
EBBAFFC74AAAA5E,77.14,30.0,4.8
3D61C7B61689461,13.87,9.0,2.0
2CCE828AD16071D,65.09,14.0,5.0
588E6728E31D4D0,64.6,16.0,4.2
500A455DCFAF9E4,0.4,12.0,3.7
1110BF45EE5A820,15.93,6.0,4.2
DCB3EB366AE84DE,23.06,177.0,4.1
29792C99CFEC673,8.47,262.0,2.2
5306FFA7216EF5A,51.84,21.0,4.9
437119381E302C8,26.79,51.0,4.2
BF649CB35FB3D8A,64.34,5.0,4.1
311E67B2E6021B9,64.87,24.0,4.7
FBE4270975B19DB,13.71,36.0,4.9
E1A0520340AC0FB,0.4,34.0,4.7
E39F9DCB26C8A36,25.59,22.0,4.4
342C126C9FA3B08,4.76,31.0,
7D9BC74D5B12014,7.87,27.0,4.7
D21739CE16A4776,0.4,84.0,5.0
BA4BAC2EB0C85D2,1.68,23.0,
D73EBF365579B90,25.76,11.0,1.9
5E7E910A50DA0EE,0.4,27.0,3.5
D2D5A960458F0AF,40.91,31.0,4.3
81E0164B25A9D63,74.88,21.0,3.8
3A860CFD2CAD025,0.4,,5.0
2FAB3D6222F3324,39.75,164.0,4.7
C59F51B18857CC0,78.1,41.0,4.5
5D07119771FDBB3,62.96,6.0,3.8
0A1DA2B8498B225,0.47,27.0,4.7
261E010B59434CE,72.33,12.0,3.7
785CCC2E325DE8C,80.45,158.0,3.5
A56696B496C82D5,49.31,30.0,5.0
CBD7E3D2E4656AC,17.71,24.0,5.0
6318EA64F200692,9.68,20.0,4.8
294A1227BB28A6C,66.4,17.0,4.3
BA776F29BFC4046,56.97,10.0,
0791D452865B191,89.23,34.0,4.4
0C9B673AADF2E64,28.47,23.0,3.9
EC7DC83464CC674,68.27,63.0,5.0
3467CE3A1421BC6,76.63,32.0,4.1
70B61AC1AD4E9C5,8.32,61.0,5.0
B3D436335A88F32,5.1,107.0,5.0
68AE8804B2C076D,16.72,37.0,3.6
F4F43DBB7A759F3,63.45,20.0,4.3
21ED3DA20ED924F,65.06,,5.0
C59E99EEB8C3D89,54.11,21.0,5.0
AD1BBD09F1D5430,40.08,,
AE42EC12BD36402,3.75,92.0,4.1
1D285406A3EE6B8,0.4,25.0,4.5
076EF128D00CFA9,71420.0,12.0,2.6
73945D20182EC7F,24.19,49.0,2.0
A181D4D8758000D,29.57,,3.2
8291FE2D2171E73,35.71,65.0,3.5
2CA6AB1CD65C6C0,47.73,160.0,4.6
189BA94C1DB2261,57.41,14.0,
037BC0E4C2743BE,4.58,16.0,4.3
C4CB4070C0D405A,2.48,12.0,4.8
13CCEB7D2A16CD6,43.11,16.0,3.9
F5874957AA8B130,33.21,7.0,4.4
0CC865077B2370E,6.33,12.0,5.0
7A5EE5DBAD39479,4.87,10.0,
FA78D09CAF20D8F,21.55,18.0,4.4
30D7DA93EE94377,27.06,20.0,2.8
E0B34AAB6085CBF,26.81,62.0,
21D0EAA36F75CA0,43.28,3.0,4.2
CDD08C8BDAB37E5,50.5,25.0,4.3
707374EC040EE7B,77.66,15.0,4.0
E43C8316B401235,53.42,12.0,4.2
A0557545C573435,54.24,44.0,4.6
844CC259E0F5301,60.2,16.0,3.6
42B8DCF97A39A76,57.07,31.0,3.5
64A98C58CD88A52,76.42,60.0,3.8
9B1C95FD73C3F74,81.13,21.0,4.8
034799EECFE6752,13.13,,
2E77EE4FDE3996F,52.23,28.0,4.2
E7BDB7AB1B9130A,73.98,6.0,3.8
1E61024202E1297,30.75,36.0,4.0
901E25F757208F5,32.21,13.0,5.0
BC8ADCF7F266B40,66.84,40.0,4.6
0C503B5CF85DDD5,5.1,52.0,4.3
540949BF4872C1C,49.11,50.0,
450489C76A82333,0.4,3.0,3.5
FCB621A6AF41E7C,0.4,7.0,3.7
679C316F2367DB6,48.34,59.0,5.0
C5604F21F0E248B,61.82,,4.9
099BABA916E3677,8.2,37.0,1.1
30BFD916CA40020,44.57,81.0,5.0
7D5BDAA13E1B853,51.62,44.0,5.0
B892DA54E3ACAD8,2.92,18.0,4.9
60C80D15744BF42,6.74,6.0,4.5
EE17C8852FF8439,0.4,157.0,4.8
08551585BE6981E,5.74,14.0,3.8
1357EFB4E8AEC11,32.4,31.0,3.3
099F133F2F9E242,15.62,7.0,1.8
FA9500D0A4E40C3,61.23,38.0,3.5
16716134363B460,71.05,22.0,5.0
F2196AD25549C28,49.98,80.0,
55434FC548ECFD0,0.4,28.0,3.7
903B405B01C84A0,9.93,33.0,4.4
73ABAC17D8A332C,56.52,14.0,2.9
90CACEBC701542C,14.24,9.0,
1DA9D8481507BAD,79.45,11.0,4.0
164F6B4E48AC22C,84.62,47.0,4.9
00BDB8674E16891,9.15,93.0,4.2
2C2AC67E7681A60,8.25,15.0,3.8
BC8633041C09279,12.26,56.0,4.4
5378C375E21A54F,65.0,201.0,3.8
2475E8E8AFC1927,7.19,56.0,4.6
B39BE9256ACF6F6,9.23,23.0,4.3
25DFBD075DDF8AE,2.7,103.0,3.3
61BD9A2D66B5082,0.46,26.0,4.0
1BAAC545418EE89,9.19,32.0,4.5
7DC078E1E42ED4E,60.28,21.0,5.0
74BBD7E8F865477,40.14,27.0,4.4
EC21F3F304BE3C5,6.15,,4.6
22F82EFB493876B,52.82,50.0,4.6
AFCB41C86779047,38.65,,4.9
C01E617FBA45424,28.41,10.0,
6B8E36BC1E3EC23,30.4,23.0,5.0
68773625B4E724B,75.47,,
48FBF5B89267963,71.01,22.0,3.2
A4FD74B5CA92863,44.77,20.0,
D74ABA687D0607C,46.93,69.0,4.8
C15AC739BCFE0EF,22.63,7.0,5.0
AA4E9EFE4AF0CC2,92.19,144.0,4.1
83258D5F4489841,9.23,50.0,5.0
4FD7F7EAA3DBCCD,0.4,90.0,5.0
5AB3B8E9DA6DC22,15.51,3.0,
1E2D6B56B03C10D,65.28,,4.5
3341AE1F61DA07B,70.09,31.0,3.8
257AE7145C64032,53.91,14.0,4.1
9E30F3601353EC6,80.73,4.0,4.2
C3F8F9AB02C950A,0.51,69.0,3.3
AE74C2D86812B97,13.54,138.0,4.1
BE33913F5628154,4.91,73.0,3.8
6531C9E580DCF6F,59.14,35.0,4.6
FABBB52EC8FF887,0.4,62.0,4.2
EB94F86E1DCE1B8,39.09,52.0,5.0
4B8BE45E0AED507,0.4,11.0,5.0
4C31DAA1F7D393A,43.06,3.0,4.0
A2BB7CBC6779588,63.89,66.0,4.8
8748AB3A057FDA0,70.99,5.0,5.0
28BF80D99060D61,41.25,10.0,5.0
DA61A3ED394B095,57.86,3.0,
F1B795ABF058415,3.75,73.0,3.2
B3FEC65152F1194,74.16,30.0,1.9
03C773CD1FA0D51,21.37,15.0,4.3
4F4D69C0C248641,75.4,73.0,3.4
764D1DC8B40B184,33.05,45.0,
90233ACA06E209E,11.22,19.0,3.8
25482EAA296B8C1,52.34,65.0,4.9
71BC859A2DA6094,37.99,,4.3
CA68CA90F77D165,10.94,73.0,4.4
A43F677F39359A5,60.38,13.0,4.6
BFB1303A5417BAE,0.4,77.0,2.4
D7B4A8209906005,70.16,15.0,4.0
FBA9D1C179457F7,58.58,21.0,4.0
E6453D3B06EFFDF,53.75,2.0,4.6
2E826ACC1C6A637,31.53,89.0,4.0
853A10B3F4C64F8,8.07,,4.3
6C58A87F3A61AC9,53.59,27.0,
87AEF38744300FE,63.38,48.0,3.8
6FE8BF6110DA6BE,22.49,10.0,3.2
94CE85B14DA6167,29.76,,
EC5FA86DCDB95E7,0.4,6.0,4.5
EC6849BA701BBD0,55.92,14.0,4.2
A417976AEFEC05A,29.86,72.0,2.0
247C3378CEBF4BE,53.25,4.0,4.8
A5C3C9E01EADA45,48.26,49.0,3.3
AEF5DC458908C35,78.55,261.0,4.2
7C899D8030FDD69,69.29,8.0,4.6
7A5019C1FC6736A,11.32,33.0,4.9
4FB2863ABEF4243,13.11,10.0,4.0
F1E35E9CB2929EF,10.43,20.0,5.0
03C31ADD5D3B209,32.96,74.0,4.1
A727759EFB1550D,59.99,,3.6
8E72F1078CE35EC,0.4,113.0,4.9
7D3190F91DCE4E1,67180.0,26.0,4.3
C65EC72E1705FB9,46.42,8.0,5.0
0B2BDF62DF90C95,51.86,22.0,2.8
E7736E666415EAE,25.15,19.0,5.0
8EA57829C8BD7CC,25.13,168.0,3.4
600F68453AF7FE6,59.72,5.0,3.9
E16FC14F84DD815,0.4,5.0,3.3
20D14B7AC64807E,0.4,14.0,5.0
9A917C4DB4FCEA7,50.52,,5.0
D5F16374F507F78,30.4,211.0,3.7
9E1864DB2E6BA3C,0.65,32.0,4.8
7C95941B138AAA3,58.36,28.0,4.9
EEED37ADAD516B3,60.82,,
11BC3EA80B6CF46,5.14,107.0,4.3
E55FB17B07CD28E,1.48,37.0,4.1
EC65D7A8612674C,12.14,56.0,3.0
264037A9E18B86A,19.29,4.0,
149E049709771E6,12.6,10.0,1.9
CE8065025525A2E,1.39,30.0,4.0
7A7E369A37260D7,15.68,128.0,1.5
6BCE74F13FF91BD,9.89,54.0,4.6
4183A60ED3C512F,57.95,72.0,5.0
7A4DCA2EAA1320F,3.16,27.0,4.7
AF65FD3B5D76E17,52.04,137.0,
5C27E3BB3FF2DAD,11.78,46.0,4.2
6E92A3FF352A41B,59.94,121.0,4.8
5512C6677CB6D51,53.38,45.0,3.6
01558B0A6655B5F,0.4,41.0,3.4
3EED6A492757D2F,16.64,44.0,2.4
228E87B022B8708,3.81,52.0,5.0
93129AEF8E80D1E,11.61,29.0,2.7
BF3CB69BE3AD264,60.33,34.0,4.3
F8E9EF4C2047FB1,51.92,71.0,5.0
D8AEC64574F4B02,70.78,64.0,2.8
E9153B853D87E34,58.67,15.0,4.8
AE57E7AF3E22564,61.04,19.0,5.0
00D3D4CAA0885C6,44.72,55.0,4.3
B7A7E5B0B4669C9,60.69,52.0,3.5
59CB69331A31F0F,0.4,6.0,4.9
4456F85C622DDE4,69.32,61.0,3.2
3EEFFCBC191E5F9,21.93,99.0,4.8
320E0C608ED702B,70.27,12.0,4.7
50D0D25C17D2D4C,19.19,18.0,4.8
5D13381FD23F031,26.18,13.0,4.3
565B7BAD3ABA073,43.99,25.0,5.0
D6910C2A302861D,50.04,57.0,4.4
759B8D2E4F44CC4,45.92,4.0,
72EAD86764AF666,87.36,10.0,4.7
297FA0BF82EC6C1,70.11,7.0,4.4
7AC52FA18055427,52.27,4.0,
10298826360E1B4,33.7,58.0,4.6
EE324CA72FE93DA,85.34,44.0,2.6
F050639CAD9BA54,50.56,10.0,3.3
40AC1327706D845,77.19,25.0,3.6
DB18ECC2DF4F645,24.27,16.0,4.1
186C7CFC37BFFD0,46.45,12.0,4.2
B755CD86BA8324A,91.83,112.0,2.6
50C79FE27646ABD,21.24,95.0,4.3
C93FC180E3CB2F0,68.91,68.0,5.0
A2C3CEEE4FB8714,7.53,9.0,4.0
C8B9DB9AD0A4C18,38.17,592.0,4.8
BE863105184F5E2,29.74,8.0,5.0
EAB72C401757290,99.31,13.0,4.6
8118BABFBD7BB2C,69.98,62.0,5.0
EC034945BCA7673,11.75,8.0,5.0
B98970E9212E4F9,34.62,,4.0
48AC8D650996C32,50.36,,5.0
3479E4A3AE83C80,6.92,30.0,3.0
205742806289D16,19.19,12.0,5.0
80F6B830AC2323C,20.86,112.0,3.3
B02CE267B74CCAA,41.04,,3.7
F6E0C98ABF86019,7.21,62.0,
2BBA4221E165814,36.28,12.0,4.5
9EAEEC070230285,3.76,33.0,4.8
5FF2955AE990FFE,48.92,24.0,4.9
592D4886E703955,16.96,7.0,5.0
868CE9DD6EA5A49,14.13,32.0,
2452631673F6A6F,2.36,256.0,4.5
0D8FE05A0AC4047,49.07,16.0,5.0
B2A5CEF20994F2E,62.83,36.0,
D0263902D2334C0,0.4,63.0,3.3
FE2ED1E30215210,0.4,15.0,4.3
6F855252C16BFF6,51.08,32.0,4.0
32E295AA0806519,61.88,95.0,3.3
57C42866F3E91FC,14.8,16.0,5.0
7C839490557C6C1,15.06,89.0,2.5
E8E4E958D987506,9.44,,4.0
3199644056454CD,20.01,40.0,2.0
3E48E39E89C2709,10.26,,4.8
55416A228EEDD34,44.13,83.0,4.2
5C68BD49DA654E8,57.68,19.0,3.6
F7FE1B90E1ADD90,12.64,58.0,4.4
AD99343B4DA39CD,6.66,130.0,4.3
5AAC37767E6CE97,59.7,32.0,4.0
2A31DDF1B0F0794,10.98,166.0,3.2
35ED4FF37D420EE,4.06,591.0,4.4
945C43D89E18254,28.99,24.0,4.8
BB046361605DD41,62.0,370.0,
A5AA6C426E6E524,1.63,11.0,5.0
B0F839440DFFB46,66.82,10.0,5.0
11343F7BB1996CB,37.21,17.0,4.2
A050E103C082A69,23.41,16.0,1.6
0EC9DB855633573,0.67,40.0,
20220F436BC912E,69.16,5.0,4.1
5DA914C84D7313A,14.01,43.0,4.8
E9E4B51C17C767F,41.03,15.0,4.2
768C939FAA46A58,0.4,53.0,3.7
39BCC79748D73E8,95.07,18.0,4.5
42C70C2FB0D0BFA,0.4,228.0,3.3
D420CA7FE0E7ACD,39.84,20.0,4.3
4C83B574EA79AAE,63.22,39.0,4.5
017F940FED00E88,67.25,14.0,5.0
7FF8BF71AA23C27,90.27,12.0,4.2
4CFC01277022D16,46.34,46.0,3.5
2ECA3B475C5F6AD,12.26,9.0,
5E2885BECE47C14,24.98,27.0,1.6
0FD03E3C3EE0D4D,46.76,183.0,4.1
9DAF93250F73F4F,81.25,33.0,4.5
72ECB1241966E12,68.51,16.0,4.7
4C8493758F2F5C9,77.59,4.0,4.8
25E95F161D74313,50.11,,
AA9FFDE8CB14364,15.26,15.0,5.0
A4BD0BBC1D706FE,53.5,41.0,5.0
549D43B470FE194,14.96,4.0,3.6
AB41AA89BC24F91,42.96,87.0,3.2
FAE44E46F391F68,30.44,37.0,4.6
5F42D8E702F9A04,12.02,29.0,3.7
93E536021426709,0.4,87.0,5.0
35DC8ED089B4C71,15.32,32.0,2.4
A20DE08F15ED0E6,40.87,97.0,3.6
93C78493DC2AF52,68.04,131.0,4.2
D24AEC9041E749F,23.08,19.0,4.9
DF92DF52693D642,0.4,18.0,4.6
D763F8AF7B87E77,53.14,180.0,4.8
D0DAADB8C770FD5,21.91,16.0,5.0
43C25FE41A182B2,9.11,14.0,2.6
700F164D181171F,7.38,22.0,5.0
9AE4C4B732ECE24,0.4,54.0,4.3
2DA4B07EA18F5A5,78.71,6.0,2.6
607AFDBBFE422A0,15.39,18.0,4.0
284541E88882D19,22.33,194.0,4.3
8B2AE1B51FA82A7,2.42,13.0,4.5
6877915339AE11D,0.4,15.0,3.8
BF75BFC28BCFB75,0.4,12.0,3.8
A7D99D08E50B69B,59.29,69.0,
A4A67CFE261C313,36.83,22.0,3.3
8F8311346D0A243,36.71,29.0,4.4
6E20AB4DC365FA7,50.59,41.0,4.9
71663B0D7B93B5F,17.82,40.0,5.0
0537CEF4B2DD5A1,79.54,65.0,5.0
4D833AA817DAA85,50.18,55.0,5.0
346E17278B80107,13.87,18.0,2.3
D12B1BC81655795,63.09,9.0,
B5095AD57D769DD,15.67,160.0,
F9B4E9C10C5C66F,58.94,43.0,4.8
5F549215E34C233,7.37,13.0,4.8
7273572486B4FC5,31.63,3.0,5.0
ACAFF1BB369C373,41.42,67.0,4.7
BA195E82ED5BFAA,25.01,10.0,3.9
0523461715C6E77,2.21,37.0,4.4
1C4B089D8539576,11.76,14.0,4.2
AF2A3B8A5A9E892,8.28,116.0,5.0
BD4FD923ADB434A,87.54,8.0,4.5
9359E6FECE90B3B,65.14,23.0,3.8
A509E7488515963,57.84,60.0,4.7
6ED3F7F0D78B977,9.11,10.0,4.6
6A03D8BB70D6991,0.4,77.0,4.8
1306CAC07BDD4BF,5.87,7.0,4.6
4E559FA2648897A,10.22,37.0,4.2
B1FFDAB4C7CD655,30.6,18.0,4.0
28C5FB821950FAF,25.55,31.0,4.7
A7FD4943AACD287,77.03,59.0,3.4
64F1C1485315AC8,31.24,12.0,4.1
4EDB7837F3F236E,0.54,40.0,4.6
5ED44E3CA001373,39.04,62.0,4.1
36B4373FFD33E74,40.04,9.0,4.5
78006FF323CFB49,71.58,27.0,
7A3900DA5A3B0A1,29.46,26.0,2.9
FCAFC8BF26C3193,48.24,10.0,3.8
F12D8568B483695,54.49,,5.0
F9918956D1E3018,63.09,18.0,5.0
B231965DB3E6626,62.15,12.0,4.4
0F3308C40A6006A,6.14,19.0,4.8
846A1CD8365ABDC,28.8,,4.1
1127D921DE77F68,5.79,33.0,4.6
45B064D25F9681F,3.38,105.0,2.0
CDB3345FBC2369C,54.1,17.0,5.0
A5E92314A1655EA,6.96,2.0,5.0
FAD1DF1D7B6A895,60.35,27.0,5.0
C8FC7D2348D5591,3.75,8.0,3.1
EB1BA06D57BA6FB,38.29,52.0,4.4
095F2CFAC5B4296,64.87,134.0,4.8
406F5C62C2BA32F,23.75,29.0,4.9
62932636360957F,41.48,20.0,3.7
A54382AB98F799D,33.94,,
C72F717F21908E8,11.37,36.0,4.8
76AC8569BA6176A,12.41,27.0,4.5
89767521374C8A4,75.08,4.0,4.2
79F3ABE5781497F,73.97,40.0,4.0
43C34AAD4D3DCC1,50.58,56.0,5.0
808C4A2F611ADCD,46.51,61.0,4.1
B51B7A015507419,91.4,2.0,
50C2C5F1346B039,70.31,15.0,4.4
CAC12885DF76833,69.68,47.0,3.5
8D5D68F3CC1FB1B,7.63,16.0,4.2
2CE863445BB6BA6,17.7,10.0,
EA249E9EB818576,1.44,172.0,4.6
C2B6CD13E7957DF,66.8,52.0,4.4
E39B319B7CD7D64,17.17,31.0,
5F3B25FF8455668,0.97,39.0,4.2
16B012A05C1D5CA,21.77,28.0,4.2
04527D267F01262,10.9,,4.2
DAA4C7ED85F9234,34.52,16.0,3.9
6C409B15E83898A,3.51,11.0,4.8
3D3F8E5CCCFC3F8,10.33,15.0,3.8
4DB10BB2F4D4E8A,39.48,,4.6
EDFA1EE04C0E136,48.29,17.0,4.8
8E5D06D93C2021F,1.41,,4.8
E90ACA212BAE517,18.51,33.0,5.0
DDD123B6574B7E1,52.76,28.0,5.0
B7B82AB497DD3B3,85.03,29.0,4.8
2B4BA56EB209122,35.8,38.0,
EBC8A714565558B,75.52,68.0,
B20B78F06DA10E5,15.29,14.0,4.4
D5AC03D2BBC58AB,10.95,6.0,3.4
3C2C34396B238EE,13.49,34.0,4.4
F85E2A8FD8A0539,4.34,66.0,5.0
C8475AA302E9A42,76.51,,4.1
92A6F2633845C06,0.4,65.0,4.3
9CE35D7BC638E88,30.75,88.0,5.0
345DE7384F65C35,45.82,24.0,4.8
DF30FB1BDEA4D3B,70.84,9.0,4.5
8AA562F654F8F32,42.84,18.0,3.5
497A381A6F2689E,60.83,25.0,5.0
28577781E8B66DF,4.04,7.0,4.9
A5FC0A11F0B37F6,51.37,30.0,3.3
CC60EB394BD4E4F,59.03,66.0,
08D40C9259EB2ED,93.12,31.0,1.9
07F22E0DD426F16,7.02,145.0,4.7
38B0E2A9AB7A439,53.33,17.0,4.8
4E22471E39316A7,51.6,27.0,4.2
F6D23CC884E1259,35.96,37.0,2.1
1EAED547CE4E005,2.3,13.0,3.4
930BBAFDED62485,41.67,119.0,4.4
CA415118DD9AF51,64.6,33.0,3.0
E754954B9B81884,72.32,27.0,4.8
F0C790BE8769B6A,3.62,73.0,5.0
35D01689FF748A3,2.2,89.0,3.5
53C81C8382A9D7D,27.13,51.0,4.4
C73A5C14F460C76,34.45,29.0,3.7
69053C95620CA12,41.72,16.0,5.0
6FDD0839E3D1126,14.06,35.0,4.9
8B92E07D2845B55,2.88,13.0,3.9
8B3DF07B5210794,45.31,9.0,4.2
EC6BE1EEAEAE5BC,4.41,69.0,4.6
FF1384A4580F9E9,6.08,71.0,5.0
F1B16BB134408A1,60.78,9.0,5.0
43196C98153B5D1,72.41,44.0,4.4
51886B198733834,69.93,45.0,5.0
9C3F8D0B3459635,58.8,9.0,4.6
5DCF5DA4A9C2719,88.25,49.0,
27E1D7340DCF23B,1.76,47.0,4.7
5DB7F9DBF158F1D,91.36,52.0,3.5
7CFA2D50C8EB7E0,7.82,200.0,1.0
D192C93E6B39B6D,77.56,24.0,3.2
286227D0CB2DF57,43.42,13.0,2.0
76F8D446E4E3693,66.84,4.0,
F9D5FAD3A364425,38.34,97.0,2.9
CC257609AFEB2CB,48.14,550.0,3.9
ED11C26CA76AC75,0.4,60.0,4.9
140D795A94D870F,53.53,64.0,4.1
D33290338DFA4BB,8.26,10.0,3.8
96A62B09A40C59D,34.96,14.0,3.5
25B34F5562C2406,39.02,14.0,3.8
CED40C1861B137D,46.12,104.0,4.3
F4295AD9378BB1C,31.43,15.0,
90FDE72B5C86EEA,42.62,41.0,4.2
2FA3DE0AFAD43E0,54.6,17.0,4.4
33C866271655E62,38.64,32.0,4.1
2C260B2BFDB1EDC,17.96,9.0,5.0
4408DFEDCCDAF66,2.23,17.0,4.0
9EC75B02A8B8087,73.48,83.0,5.0
2E440B20F7ED26C,4.37,,5.0
D8952745BCF081B,10.82,37.0,2.8
56FB7546E2D4E32,8.97,155.0,3.8
983B0B3F38DA237,11.17,5.0,4.8
5BE9ADE1B63F955,23.33,16.0,3.7
03921BFE699920E,17.16,27.0,1.7
0BDC00C3CAB77DA,33.02,22.0,5.0
0310AC36AD932B8,30.52,105.0,4.9
7D5F52D399379B0,6.82,24.0,
C76EB8E5AD96968,37.24,40.0,5.0
9F317D6DC0CFE1F,0.4,37.0,
78DBF22CDD176F5,95.06,45.0,4.3
7EC3E3691BAAF78,62.3,3.0,
5CF409CF97CD7CA,0.4,29.0,5.0
C85DB51C6C7050C,23.02,42.0,
F81B7A8E4F4E774,0.4,18.0,4.1
B14F8B3AE355CE7,20.72,4.0,5.0
B2010CF07370ABA,54.06,45.0,5.0
8C2B77AF3110B30,84.29,36.0,3.6
62299B347609AA8,28.79,23.0,5.0
8E56F958B3F1ECE,72.65,55.0,4.4
2CB786694DA5C82,5.19,73.0,3.6
FDDDAADCE0F3C76,33.81,7.0,5.0
E5EF85F20820492,15.48,46.0,4.5
368B13A5B0F474F,70.41,65.0,4.5
3C9E8BA796626E7,69.98,44.0,4.9
9A5758CA850A844,8.91,60.0,2.8
EB7285446ECD3E4,119.49,14.0,4.8
5EE3390A95A412A,57.65,16.0,5.0
7D1B0EE2E650061,74.28,22.0,4.1
980D71C1B746D1E,80.71,5.0,4.2
FE7BFCB2C070A17,7.85,24.0,5.0
952B8F42EB8890E,67.33,21.0,4.5
24B4F2939E31DA9,54.09,36.0,2.3
8BBAA49E57DF91E,61.83,59.0,2.2
D03BA32F4E011C7,45.19,116.0,4.8
3DCD3F9D3E13983,38.84,11.0,3.3
9EF4569DFB859E2,27.93,141.0,3.9
E23D9FC5262619D,20.11,25.0,4.8
B955A227DE1964C,39.84,12.0,5.0
FAF71DE79336466,6.52,19.0,3.9
F7A13710AE1C264,52.35,46.0,4.7
42DF266D033EA10,78.79,24.0,5.0
712070D93E0E5FB,15.12,35.0,4.4
854C2D5FB323D34,27.96,33.0,5.0
03D40DFCB6474D9,30.31,39.0,4.5
9E01DB6DBED4BA8,59.66,28.0,4.7
CF73C5E5A13B4B7,8.81,99.0,1.7
9F57D92F10BD0ED,50.53,88.0,
42D4BEC340226D7,0.4,26.0,5.0
16B8B401B5DF474,47.57,25.0,4.3
8F1BB638A80A4BF,80.54,57.0,4.2
66060B1065DF1A6,1.29,60.0,4.6
5DEF46748D62520,7.1,7.0,3.2
1105AE2C0E599F2,26.76,13.0,5.0
6F4CD62ABB4B65A,6.2,45.0,4.6
AF2D7F6C9E5969D,16.13,14.0,
A2AECBCA0E33A4A,13.46,21.0,2.9
384F88B7CCCEBF5,9.63,38.0,4.5
69934282D77E26C,14.77,,3.8
FC17A51C450BAA8,42.56,22.0,3.8
108DFE0A606DAF4,62.84,101.0,4.4
52B6D4BE58A2D25,15.7,18.0,4.0
EEDCCFE887AD796,78.88,7.0,4.2
89534DC5711B6AD,4.46,13.0,4.2
2AD050829F9C355,20.36,39.0,5.0
CD64C388DD5F6C8,48.22,13.0,4.7
DA97DD6271BD5F6,57.65,18.0,2.7
9822DF535249845,12.36,111.0,
F965441AF0EEB33,18.04,,3.5
F99BE06F398AC61,6.36,103.0,4.8
65D1C4F29318394,31.98,16.0,5.0
50668931468DDBF,36.56,12.0,5.0
B74078F181EDC08,46.41,46.0,4.6
0509EB2C2E16FD3,4.74,72.0,3.6
5B443F1AC3824DA,0.4,20.0,
4C4D9743C871647,5.19,13.0,4.6
B17E134595734BC,32.31,39.0,4.1
2F3245DB4036475,37.35,73.0,4.6
5E634D5630B0DA5,6.54,14.0,
FF541713F03B8B7,38.74,27.0,4.4
EEC8E92C8422927,0.4,68.0,
D6C772C26392B24,13.93,12.0,5.0
13A0CFD7D38A59F,58.34,43.0,4.2
2ADE4933F6313A7,48.21,32.0,4.0
3B751C6327009D5,61.65,64.0,
6E613044E24BC08,10.46,68.0,4.8
A4DFA8FEAA7D3E1,89.16,42.0,4.5
1458FA2652A6173,5.6,5.0,
490BC264312F7DB,13.31,2.0,
AF88AC430696825,11.28,168.0,4.9
BBDBAB6285203EC,45.47,25.0,5.0
9D5B8D91D9D6DF7,60.6,10.0,5.0
AE9A5D7A6B3F4F9,85.02,7.0,4.1
A5944B81894B83D,24.98,13.0,2.8
4D16976A34B858C,53.17,,4.8
8793327F6FE4E2A,40.39,8.0,3.9
5B3F9D75D99DA7B,31.7,323.0,4.5
8FBCCA37FD5B4AA,9.51,31.0,3.4
AA6D2D4852EC8DF,86.23,125.0,
70D2875DB46BA10,70.6,22.0,4.0
8D7AB4A39401EBF,14.71,20.0,4.0
9C44DE702D1DA32,11.52,,4.7
7F87B49A991B782,66.63,16.0,3.4
04558E5470CAD8B,41.11,42.0,3.1
8E667131D6BADC0,13.35,35.0,4.0
C6EBA1A85618EB1,5.39,13.0,4.3
1D25F0BB229D9A7,63.95,36.0,
181343A99FC3AB6,29.02,196.0,5.0
9586977B1598E19,78.63,10.0,4.4
2D82A22D4C1A654,5.11,29.0,
F16EB01D2EE1547,70.58,35.0,4.4
E5EA9304430D516,6.23,50.0,4.7
938CB5B086A3AA8,19.78,47.0,4.5
E4B6F84E54E294F,8.99,15.0,4.8
369DE0B014E5249,0.4,60.0,4.7
316EABE4B4737CC,5.41,,4.1
9E10B70D7599717,62.94,13.0,3.4
30051EC788ED80B,57.78,11.0,4.9
46A7BFB6EEAFE3A,85.2,66.0,4.4
10C00FBA9CDCC4A,11.36,48.0,2.3
20D5A585BBCE74A,35.88,17.0,5.0
6E5F6B0933C7708,7.33,23.0,2.8
B1332B9495F9ED4,21.63,7.0,
37084A0612F38A4,0.4,14.0,4.4
9EC3F4B4B6E249B,21.75,54.0,
167CEF524EE0CCE,27.06,5.0,5.0
FF7B1FEB44AF235,17.92,19.0,4.5
E4959985CF5A641,69.06,,
6EBFABCD2EF7AD2,51.49,14.0,5.0
4F96004ECCE9776,9.5,,4.3
8432E4BF2426CD1,4.15,22.0,3.0
4DBF4E2E5A94EEB,0.4,6.0,5.0
4850D8513003BA5,17.41,19.0,3.7
121DB16984DDDD6,45.4,24.0,
6FD098D9F55E08B,71.89,43.0,5.0
003C986D84AA6C4,7.47,11.0,3.6
80CBFBB8A699EE5,15.82,4.0,4.4
290B4F5466CE8D2,49.48,,4.9
69D03004FBD5ED1,74.94,50.0,5.0
EF174607F121580,14.61,16.0,2.7
525DB9E65F3923C,8.96,19.0,4.7
EC4DDE179766E3E,8.27,34.0,5.0
4AEF62C8B45593F,86.15,23.0,4.1
BE03CFC0874A23C,17.61,4.0,4.0
FC9EFE7FB50009C,19.47,,4.4
EE7BE64D6C63495,17.64,35.0,4.4
DF040BC7681966C,16.23,58.0,2.2
1847463FFB7D4C6,1.91,31.0,3.6
FDEEA27DA261688,99.75,20.0,4.5
C653BB597E737CE,64.01,,3.3
D3C9973D80D7353,21.02,11.0,3.8
6A66DA4DDF80F01,25.1,11.0,2.2
FD4005A45DECA90,46.73,12.0,4.1
89E14AFB92BA68E,6.36,17.0,2.8
79E425B858AE68E,16.82,3.0,2.9
AB9F15ED408200C,0.5,122.0,4.5
04BCC4F7AB23190,9.61,6.0,4.8
773FDBE1DAE1C45,23.64,349.0,
5FE587696058C66,9.47,6.0,3.7
37895ABBFE3B183,60.34,3.0,4.7
B640905801FB989,0.4,15.0,4.2
D10001D9D263A44,51.32,23.0,3.4
6417D8A6497C3D9,54.72,6.0,
8933D254C619ACA,10.43,10.0,
661DB8318710FAA,51.98,131.0,4.5
4B12C266E87A54B,35.69,157.0,4.2
D4E554706FE915F,29.19,498.0,3.6
688865B8E5A6D0B,72.77,76.0,
07B9495303EECF7,0.4,116.0,4.0
078CEFD7DCE5809,16.07,43.0,
8329B98201E5170,56.21,,4.2
7C0350ECD92796D,0.4,5.0,5.0
22675B2E174C0F6,48.03,13.0,3.7
7CF987AEB9FDC29,48.95,21.0,3.3
3C2AC4B77F69961,15.78,20.0,4.7
DC81D1CD3B2D4E6,8.82,35.0,4.3
30580DB64737B72,54.54,54.0,4.2
5B54B37C2C6F037,27.57,29.0,5.0
AA690A900E9B032,6.34,107.0,4.4
E95BE9C75350D08,0.4,51.0,4.2
6821E80866BA607,12.08,7.0,4.0
F434554C74CBF58,16.58,20.0,4.8
F2BE441F11E17E1,62.52,,4.1
93819A71BF8E66B,10.85,17.0,4.2
536294FC193665B,6.85,356.0,4.8
195999B1A055862,72.37,10.0,
D8E6962A73AE293,4.87,213.0,3.0
A50B35A9B28CDD6,15.85,57.0,4.1
193AD5B775360A0,16.46,18.0,2.0
0FDF5078C5A82A0,8.71,29.0,4.6
8F9F0834DD7239B,5.79,27.0,3.8
710163FAE50C5C4,96.53,,4.1
1DFF5BDA6A5C2A1,78.35,14.0,4.4
484D8AC4FBDF137,14.69,29.0,5.0
81F458403A208E7,76.11,92.0,
2A04058FD3D3E43,41.05,213.0,
A16C14ECF6BE919,33.79,8.0,4.7
5C77C1670E6E007,47.88,8.0,2.8
FE96BC5F6812744,86.45,,3.7
802CAC08B4C1712,51.61,73.0,4.5
263D83AEF27AE88,12.46,,4.5
7EE476CE8D2EABD,74.49,58.0,3.7
BB1FD19B47FDEAB,54950.0,64.0,
9009E9F7D925525,64.67,10.0,4.2
940BD77CFD18843,28.1,14.0,
F4B033644C2F01D,55.59,39.0,4.3
C12479E509AEAFD,40.48,88.0,4.5
9004E9377A90AEC,72.21,11.0,3.6
0CE94505A85C35C,90.27,75.0,3.4
8A0C9791C5F3187,66.05,27.0,5.0
B1C2881FD7C5730,80.69,31.0,1.9
338AFE9574EDA51,33.35,95.0,4.3
F8F55895CA87B15,7.62,35.0,4.1
49861A2E57693FC,22.88,25.0,4.2
EFC919293B315CD,14.56,25.0,
13215233B142567,77.95,74.0,5.0
E01F7EAFF77463D,16.09,7.0,4.0
493408AF978DF7C,7.75,45.0,3.7
30CFB8CD2EB16EA,38.06,76.0,4.0
0E0AA45A59231D1,53.78,4.0,4.5
717B93CE02C3779,38.85,35.0,4.1
1EC9EC57CE62E20,27.45,,3.9
E6C5D825C6A6472,39.77,68.0,5.0
22C7CC953194382,52.05,3.0,4.1
3F94FA15CFCBCA9,58.92,,4.5
1BAADAC2EB8673F,38.04,17.0,3.6
6882D607105CE5E,13.13,58.0,4.9
BE83BB411790E1C,2.58,94.0,2.9
D3B99A39B763E72,3.75,,3.1
2E8B0E8435BBFED,57.55,12.0,4.7
A2C78D6F07748BF,0.4,131.0,2.5
B956CEE3CE7206B,41.4,60.0,4.2
8B43F63A809B083,0.4,71.0,3.8
6691E981A57E7C4,67.33,40.0,
8A1572B188252DD,1.63,52.0,5.0
03F6D748D81D7F3,59.13,34.0,5.0
874B4E4FE03142F,50.87,30.0,5.0
4F038E3F15FDFDE,17.11,4.0,5.0
1BB6F835FDE1F1F,1.86,24.0,4.6
C52A84BEB9C8B59,88.01,22.0,4.8
D212411EF499724,2.97,27.0,5.0
498310FD7A2739E,35.7,2.0,4.9
278925B14F22BC1,0.4,71.0,5.0
4BAEAE76019E8D8,33.21,73.0,4.4
AAC6578DE895124,62.16,14.0,5.0
CB69255AD25F870,6.57,17.0,3.9
5624A5DB903EE8A,52.02,36.0,4.6
9485570CD9BB873,41.66,132.0,4.2
137FB0DE5307196,9.73,51.0,4.8
605F650007CD80F,10.26,12.0,2.4
194F21D6157EDE5,24.68,70.0,4.6
3CEB7A1880F8B71,36.37,40.0,4.0
2A88820E5B77672,64.75,33.0,4.7
5F02D34090BD4FD,19.54,6.0,4.9
0714279698D88DC,16.19,32.0,4.4
7D56C4F4944C6EE,4.58,38.0,4.7
DDE0EDFD456ADC2,69.12,65.0,5.0
93211F3CC1961C0,1.94,33.0,5.0
DCD64ABC58BDC16,42.71,38.0,3.9
9774DBCBC72D8C6,17.29,111.0,4.9
363657322404961,0.88,35.0,4.4
600ECC9D7F2FED7,15.68,7.0,
511B6A93115705B,50.71,33.0,3.4
60E9EE0D27A28D3,61.89,11.0,3.9
AD782143FECAF34,10.03,4.0,4.2
BA046C75D752816,68.07,19.0,3.4
E187E679F2F5C5E,51.76,9.0,4.9
73363D5A3B6CC8A,0.4,9.0,4.8
C6021699D5FD7A3,9.01,7.0,4.0
64D429E5DCEF321,14.42,38.0,
7F37D5868AD2346,39.02,20.0,3.7
35B31FCAF40AE14,51.89,23.0,3.7
95F973A1674425A,12.24,19.0,2.2
48242DD631171F4,34.59,97.0,4.6
F174EEFCF9FAC30,39.55,20.0,4.2
50E1874D0259DAA,14.92,69.0,2.2
E816364E8950F22,4.3,38.0,5.0
D2A8F84AE056878,0.4,59.0,4.2
F9CAA9458075CE7,88.28,28.0,4.1
5828AFB32CA6863,55.31,25.0,3.7
3648046EA381076,68.08,65.0,4.4
F14C406F1EFB7E9,3.16,36.0,4.3
D363F784EB746C1,0.88,18.0,5.0
A7405EC35B6D897,67.04,7.0,
296BF4EBFC2136E,31.87,75.0,4.1
20252140B7049FF,11.92,45.0,4.9
888160CBFB064D8,4.01,20.0,5.0
B583C2036BC95FA,67.05,20.0,3.6
F1BCD168E3413E7,57.82,23.0,
2A74E31E5A0F023,10.05,61.0,5.0
565519F92BEAF8D,50.02,23.0,4.1
ED13C18A38E88B9,20.77,85.0,4.8
4159C4168850C7F,10.43,20.0,5.0
BA510D83C337040,47.33,69.0,
582E624D35C94BB,9.47,39.0,4.3
547A7D455344F9E,12.53,27.0,1.7
9598AA7D30FB619,109.23,71.0,
D5DE4566C5F74D3,23.56,12.0,2.0
AF21023AD23D471,72.36,17.0,5.0
10A1833C573336F,9.32,9.0,5.0
820EF7EFA1CE431,0.4,7.0,5.0
85FB787C2CB6540,10.73,23.0,3.0
6C2CCC1EF4FFE12,53.12,30.0,
B5B26D59DDFD9B0,62.61,12.0,4.2
01D53224678D867,17.77,27.0,2.2
8D9D0CBB5C408BF,41.59,37.0,4.6
2FA3823787A2E3F,32.46,,4.4
04927F3271E5624,4.33,18.0,3.5
5D7428B806F68C1,55.41,,4.5
E1E409F57D365E2,11.39,,5.0
DE2CD217EAE7F08,12.2,10.0,4.8
DB920F7D0A713D9,63.74,10.0,3.8
B545AA7A2E8C7F6,8.51,4.0,5.0
C830E0FD28D84BE,56.89,54.0,
99FE620B86A2474,6.15,8.0,4.7
30FF5AA656A0F35,11.21,14.0,4.4
B2C248502467CD7,48.29,3.0,
04559FADF20D4E0,7.81,98.0,4.7
D40F9BCADF019C8,60.89,76.0,
B68737981691616,68.55,44.0,4.4
2B1B50E46F7603C,34.59,97.0,4.6
C5A0913142C61C7,86.9,18.0,3.4
12ECE598317563B,21.1,29.0,2.9
93797BA645CC14C,54.23,53.0,4.5
E3E3327B6B23605,50.01,88.0,
918C9355E885B98,52.41,5.0,4.6
C43D8A132B2A7DD,28.99,105.0,4.2
72AE16B40EC92ED,54.66,15.0,4.7
213E0BA0371FC73,51.81,76.0,5.0
4E117F18742B3FB,46.5,167.0,4.4
61D7966765E2D73,10.67,65.0,
9271FE3301983CD,99.12,14.0,4.1
D8314E4C73571CF,8.48,6.0,4.8
391FD4D9664C6FD,81.55,20.0,5.0
902687C087930EC,54.3,12.0,5.0
DB8260D3241016F,0.52,20.0,4.8
39DBE8A0A74BE2C,0.4,14.0,4.8
E1D24AE2757916F,42.95,19.0,1.2
9CB13B27CCAEB41,27.21,,4.1
2EA467782C570C8,35.45,9.0,
4745064E624C072,52.79,4.0,3.4
BE446FBAF4EEA93,12.06,7.0,4.1
9E29CB3B28E17A1,29.36,4.0,5.0
48BAEE43E738678,7.43,18.0,4.0
D345E250EAFDCBD,51.32,27.0,4.4
7B290E63C6B780C,11.53,4.0,4.6
80EDE9D57359886,0.4,28.0,4.8
A9BB521C324D99F,66.82,33.0,5.0
35827B8B58010BD,56.39,11.0,4.6
FF163E5AB130352,93.78,11.0,4.3
C204B8811A316DD,9.78,112.0,4.4
EACE5C1D67F5659,52.56,,4.4
BD743DBD252B64F,47.75,164.0,3.8
E5949BA5213AC0A,36.7,,3.7
C12853993A5184A,84.23,12.0,
AF4370ED0EA4E49,51.71,7.0,2.0
C1F0A54A40E97B5,36.81,15.0,3.8
781829C472CE7CE,0.4,34.0,4.6
1B59D4C6170D515,81.06,73.0,4.1
E590841F91B4FE6,53.35,6.0,4.9
8772568DE1CC94C,27.43,308.0,3.6
A286145AF2E1896,13.73,26.0,4.5
A0D48D393D7F930,46.87,19.0,4.0
12D728D14998EC1,3.38,15.0,5.0
4CE9427A0685245,0.4,40.0,4.2
307B8E93B0F195F,73.81,12.0,3.8
8FE0B348FAD0B9C,63.82,175.0,3.9
A75FEC19312BE29,12.35,18.0,4.4
3711248F70A2F72,20.27,23.0,2.8
E7F110DDF10F658,83.81,105.0,4.1
B08E9E07C0ADBA7,10.13,33.0,3.9
AEDB6F97F9C8EE3,16.38,122.0,
D2A8882DCC78D2D,19.48,30.0,3.3
4DD5D4F8487382B,7.16,31.0,
889E69BBBB44960,11.41,13.0,
6AD38BC8ED49486,37.4,24.0,
6913225EACE151D,20.71,11.0,1.8
EBB1153246FF5E6,2.33,148.0,4.2
A77581FF4BBFB33,38.77,,4.0
66732F95B791D27,73.45,95.0,4.4
00AE55881D9B5DC,26.06,59.0,4.2
EB491E200D4E0E8,0.4,52.0,5.0
4D927E27307FCA6,3.21,21.0,4.2
D6FC8E81237FE1C,62.66,22.0,5.0
02EABE27B6E57A2,0.4,58.0,4.0
A8CFC1B92B44F32,46.07,26.0,3.7
6D324CA3709C227,50.86,50.0,4.0
C0E1BEF671A3EB4,66.31,5.0,4.8
1129E2593883B29,0.4,64.0,4.7
124494D4B98410E,4.07,9.0,5.0
DFD20189B474E56,45.89,28.0,5.0
6A11FD2D3AF8246,43.86,10.0,5.0
433B0DAD409C9B2,14.72,21.0,3.6
2A291ED2CFF4E76,0.4,29.0,4.8
5C4CA8739161464,41.84,107.0,4.5
C6E67C54B5BAD8F,41.65,29.0,4.4
DEBDE8FB3F29F24,0.4,,4.0
0B357B27B9484CE,75.25,75.0,3.9
C6EDB1984CF4BED,45.4,,
B4267A0BE30F63A,15.58,31.0,1.8
31A5E7E9EB779CA,63.93,15.0,2.6
6E747D4F6A574C9,97.38,52.0,3.3
72504E25B7237C7,67.04,62.0,2.4
E2EBBCF5E3FC01F,21.09,94.0,1.2
731808B3446021B,7.8,35.0,4.6
E80A84481A63D7F,4.31,,5.0
FB7467834633CC8,76.51,8.0,3.7
65BEEC3EF58A7DC,52.4,58.0,
8F6C00251129C0A,70.13,35.0,4.2
0210B6E5D3522F8,73.35,19.0,4.4
67FB1DA4F1F0FD9,37.41,,4.0
EDA8236BD821453,14.21,46.0,3.8
AFBF79629FA5739,4.27,59.0,4.7
4972DD3ADDEA535,42.57,13.0,5.0
B020CA49BD13ED3,4.57,18.0,
F7FC7BBDF278C53,83.54,14.0,4.7
991CD3A054CBA4A,1.45,36.0,3.7
E99B7D39579A525,58.94,33.0,
D6C84703D0428B9,8.01,19.0,3.8
B8A66A81301424C,6.15,12.0,3.2
4686F627360CA55,76.13,127.0,4.1
F744058508475F8,70.47,37.0,4.7
9291D8F1AFDFFCF,48.24,26.0,5.0
2A2FD12C809578C,60.0,14.0,4.7
503EF8FC24E7FEA,0.4,11.0,5.0
897373CC5AAFF18,51.46,17.0,4.3
7337D0663CD6461,18.06,7.0,4.7
820A0A171F6FDD2,0.4,51.0,4.2
049434058D363BF,0.4,23.0,5.0
A69167C2201759D,0.4,20.0,3.8
BF2F21012D66CCE,0.4,4.0,5.0
983AE51E8060F1F,68.13,15.0,2.9
0107C1E1BBC9618,66.16,22.0,4.3
8F298F12076E3BE,76.67,20.0,4.8
C657F523CF9D950,70.28,114.0,4.0
E9F48FE5C8A3195,6.61,60.0,4.0
D437A73F1484918,11.66,70.0,3.6
6237BF37D3C8EB3,4.23,141.0,3.6
0A22A15D067D4DE,5.59,19.0,3.9
5E225C154E0C532,44.39,,3.6
7765D2D1EADFBBB,19.91,69.0,4.4
DF3619B384E831A,68.47,257.0,5.0
DCC2F8BD7BE8846,46.68,97.0,5.0
1BB2B00EB4AEA05,70.65,44.0,4.6
8D6E3F8B99EA81A,0.4,14.0,4.6
479512F49BE7925,52.76,111.0,4.4
230E8AA4AAC08E5,60.29,38.0,3.6
5F4B0589E7CF46C,42.23,65.0,4.6
B2D6164B2D3EDD9,28.99,,4.5
890496D97BBF707,50.35,28.0,4.8
2B040A8271F7F91,25.37,25.0,
9CFB32C6E35A070,21.18,25.0,2.9
AFEE9D616D8BBC8,14.6,27.0,5.0
643A9237084891A,18.1,39.0,4.1
EEFC5F9CAD4929C,6.32,62.0,4.1
6764B645CBE145F,12.28,7.0,
B7CB8C44C04A338,17.61,30.0,3.9
4BB96730B858F0C,51.5,3.0,3.9
826E54DBC078F7A,26.35,21.0,3.7
9E92278E8B77A20,9.34,27.0,3.3
A7E4F4155B04FB1,65.33,4.0,3.7
A32C64CBB81C5ED,0.4,22.0,3.7
F06FAB9A0FA1E29,18.13,18.0,3.1
35AE60D22326F5F,48.6,22.0,3.9
92BDF6077705165,22.91,95.0,
46D68CA5C64CE4B,0.4,16.0,4.8
52FDC4BA549735F,9.46,126.0,4.1
AFE839340A64D7D,23.04,5.0,4.0
18D718B650A7A9A,61.4,4.0,4.2
9DCE24B2CE03DF9,42.66,9.0,4.1
03894FF036A498A,19.18,75.0,4.0
07BAB85C19E388C,0.4,66.0,3.4
9D3BBD336323AB8,51.8,207.0,
C19ABF30E943ABF,47.89,60.0,4.4
4AAC71635D14DCF,0.4,64.0,4.6
34E4B4DBD6F859E,10.95,21.0,2.0
1DB7B6535729F7F,50.95,55.0,3.3
A483F761DB7E860,9.22,62.0,2.9
7CDA4FA7F0119F3,66.55,12.0,3.1
A61B0D67E41997E,1.51,37.0,4.7
2C0112253BF60AD,18.91,7.0,4.6
F16F97000254395,22.34,65.0,4.2
946144E7E02DCB2,72.24,5.0,3.1
D0F36EAEB85F6D2,21.98,3.0,4.0
EB3D9B51D0D00D9,34.59,35.0,4.2
AC955A9C41C6327,63.57,128.0,5.0
534733DA6019653,61.48,46.0,2.5
7A6B7B5E4588280,66.67,631.0,3.9
EB3D36126B23891,52.13,,3.3
1272EAA31390D37,0.4,28.0,3.9
DDE16C188A5245D,52.22,26.0,4.7
DCBE9DA7DDF4E22,37.4,82.0,4.5
A78C7EFDDF7B20B,59.52,93.0,
85A92B82A32B2BC,8.62,66.0,5.0
F7693605EDECD78,17.2,68.0,3.4
40A8E6DD39994A0,6.77,189.0,4.1
B50AACD5D9A3043,34.37,28.0,4.1
EC03C27B8129936,74.94,35.0,3.9
B084414C2C70162,58.15,45.0,4.8
072A0765343E086,14.03,7.0,4.4
F7047CD3B95C300,27.43,,2.7
24F6DBF018F6961,3.24,50.0,2.5
FA66F2C92A9FDE0,5.96,31.0,4.6
BD4C79E60B0A2B7,46.71,15.0,4.7
EE6FCD0D07EA03E,18.85,14.0,5.0
7174A666A6AB5ED,0.4,15.0,
EE994E9BC78B479,3.28,87.0,4.5
89A06AE5A870FE8,41.35,13.0,3.6
A8AD4070D186B8D,2.46,11.0,2.3
FA6CB55D3F318BF,48.62,16.0,
1D78403E7108FD8,76.58,28.0,
55AC919DFBE8CC6,38.52,16.0,4.9
8A01DB4FBE55E8D,52.37,8.0,3.8
CB8B327A968F3D3,0.4,15.0,4.6
388DD4BB0B303D6,71.77,211.0,3.3
13057E951646758,56.86,30.0,4.3
E7CE34EC7481E9A,61.67,5.0,3.6
E1B6612CEA70267,62.13,26.0,
24885C09A88087F,45.06,51.0,3.9
999D60E143E221F,0.4,18.0,4.1
2DB7C8A219E2173,90.01,94.0,4.6
199760284177389,26.98,3.0,
6510758A4C11BD9,69.46,72.0,3.3
77846BEFDAB1E47,46.12,20.0,2.9
EB202D4A7E82CCB,41.43,,4.4
1B8C740B10F8442,74.28,65.0,
BD66FB447ED7B0E,52.7,19.0,5.0
3CF0EFE298FDC52,12.95,,2.2
3CFA285247545C9,40.46,6.0,4.4
F23277FAE83F2DF,71.57,64.0,3.8
F5DD892FB322F2E,50.56,10.0,5.0
E2752952594650D,6.86,23.0,4.5
705A79618E72F79,13.89,66.0,3.7
B1279966B288230,0.4,28.0,
1BCF7C85A643672,45.51,37.0,4.6
6D0D3144A152E29,60.22,62.0,3.7
F6BEF21447BD73E,0.76,88.0,4.8
A2506997AB2BB56,4.29,7.0,3.9
988D45CF18E34F4,39.56,3.0,3.1
6F719017B48E4A4,13.58,,4.7
F09AA73211FF7AB,29.97,40.0,4.0
5FA8FAA2F30A3B5,7.08,5.0,3.9
16287AA21BED2B1,39.31,109.0,3.6
7B6A54EE024AC83,48.25,39.0,4.7
10DACCB8DB79832,82.66,51.0,4.0
3AF86F12CA437C7,15.49,28.0,5.0
23E1E06EA3E7695,15.85,17.0,4.7
DBF1F3718ACF689,11.2,65.0,4.3
858106C92CFE266,22.74,29.0,4.4
773BA8E1C13F33E,2.15,6.0,4.6
5A89B19874F2E4D,0.4,118.0,3.3
5A3616A33A0BE0E,26.26,23.0,
14CD607176A9E58,22.99,6.0,4.6
DEA8FFE67304995,56.29,13.0,4.0
0E9A7B2FFA774B0,13.37,,4.7
22873D5192D22E3,40.34,6.0,4.4
F06E380609BD13B,71.66,77.0,3.4
7C7BC72B3ED865D,21.84,97.0,
85F4E197AC66869,0.4,34.0,5.0
732DBA95C91789B,84.91,18.0,4.2
74002605A137452,0.4,22.0,4.8
6028C49D1987B63,54.43,94.0,3.5
5F1C1C2C971E2C9,11.05,79.0,4.4
2AF271B35C9A92D,11.03,21.0,4.4
C2E8433A651ECCF,8.13,38.0,4.6
3B35816F7D04A54,26.95,76.0,5.0
96B127A83CDFE91,7.08,51.0,4.2
3D95FC8426A34F2,44.35,5.0,4.0
E26AE0C53B2AA7F,27.89,30.0,4.1
FE8492777C0EF3B,20.96,56.0,1.6
EAC1FB2339E0C24,8.09,5.0,4.8
E690A90D15CE8C2,89.78,,5.0
80CABAB0A341434,80.59,3.0,4.2
247E1DB9D2C4C77,66.2,15.0,4.5
BECEBCC68B01587,48.59,30.0,4.7
9D9B3E812954166,10.41,41.0,3.9
0AD4DD50DBD49F2,72.32,82.0,4.4
6F9629837A769DF,27.82,31.0,5.0
C07E47DC6FD5BAF,60.72,30.0,3.9
886566365EECD7E,39.8,10.0,4.1
7A30A544A5BC132,51.61,2.0,4.2
F99606F2C8FD059,77.07,5.0,
8CF750FDAC440A3,31.36,37.0,5.0
A369AAD39EF2632,0.4,3.0,4.2
1500AA889E3156F,0.4,6.0,4.1
969A9BDF689FF2A,57.02,32.0,3.8
50CAF0DEAB269D2,41.14,36.0,4.1
3C670F3300A2C78,51.26,10.0,4.7
81222777C4F30E6,0.4,37.0,4.7
34575398757A085,14.64,38.0,5.0
EAC9070F44F6990,33.34,22.0,5.0
9FE76DE017F1A15,98.17,49.0,4.2
8A827C6854313A2,12.83,28.0,4.0
30BAB006F5429FF,46.29,32.0,4.0
5721791DF4B407F,1.39,7.0,3.5
AA1CA3EBB3C030C,70.38,,3.1
57BC5FB24EDBEB2,41.09,,4.5
70BB89E10878B07,5.4,4.0,4.2
4FDE30508F78259,0.4,55.0,3.1
7A0D542054C75FC,8.6,17.0,
D6F561FE61CCE07,0.4,26.0,5.0
7E27F5395468D72,27.15,13.0,
B63712887514518,71.22,62.0,
297673C513DFA92,15.73,9.0,4.8
0F67475B589BC55,60.75,137.0,4.0
DC9F43C9C1806EA,72.5,12.0,4.3
30D105F301A2547,0.4,33.0,4.6
96C0A75616F4329,14.21,13.0,
15E56786E847885,8.49,21.0,4.1
958C08A1106722E,22.52,,1.8
75F4737547BD97F,12.25,19.0,
0D99C982EBF19A7,37.89,50.0,4.2
44CC2C6DBA4D61A,24.46,27.0,3.8
5E67937419AD9C6,14.09,3.0,5.0
325D8C9E25B80FB,6.56,28.0,3.6
FC15B9F802857D1,80.88,36.0,2.7
8F9BE406853CBC1,7.34,11.0,5.0
0093A2029124DEC,0.5,18.0,3.3
C13458F73B73604,2.47,76.0,5.0
C2B22002C2B9ACA,13.63,35.0,1.9
B611408ADDFE38B,62.03,15.0,3.4
72F8604C1926805,7.63,77.0,3.8
B9D417B410DDD5D,46.63,9.0,5.0
DA1E726DADF5245,67.06,,4.6
D390D762F991301,54.12,,4.4
D2D56444FF45CE1,3.77,38.0,
23ED3FC0BD47B85,3.81,52.0,3.9
014E330F1BEDEB4,55.64,53.0,2.8
60A4DFAF1AE1887,0.4,39.0,
A18FE75D0F9489F,8.76,24.0,4.3
111E15446D82521,72.33,8.0,4.7
5F58E6B6B407545,15.72,70.0,4.3
847C93C7DFAA619,1.1,59.0,5.0
5A1CED174B4183E,62.86,,4.1
80044ADD4FA5B87,0.4,55.0,4.9
6FA87989EF8F901,80.37,96.0,4.3
2293E023FDB1F9C,41020.0,12.0,
BA57A269CDBA1D1,5.7,85.0,
2BCAFFF449579CA,45.35,44.0,3.7
3C90FDCEC14BD3D,8.29,15.0,5.0
4C17D3ECFDAB9B9,5.99,92.0,
B427B3721AE5E0F,5.06,9.0,4.0
98347E9593BB468,89.81,95.0,3.3
8646F7559CF7B70,48.43,19.0,4.9
29C9F2240CC15E4,77.98,25.0,3.9
FC78BFCF7E44CE5,19.3,59.0,1.0
39DFA5369956031,0.4,112.0,5.0
17EA1A904BA727B,1.14,,5.0
D4FE0179C1399E4,9.28,16.0,4.4
B23792A6A631C87,32.79,28.0,3.7
B854EF0CE9BBDD8,5.4,54.0,
F2261A1243FA624,19.23,48.0,4.4
2691B8783E7BE8F,40.21,31.0,4.4
9B075EE6777A4AF,19.45,57.0,3.3
1C9D5F04C42AF53,18.89,30.0,3.1
B135D42AFA038DC,44.03,60.0,
565330C35ABE29B,17.71,138.0,2.8
93E6B2C1BDFEA53,17.58,5.0,4.6
51FDFC92934F3D5,64.81,10.0,5.0
CE761F6504B10A0,0.4,50.0,2.4
0872AE24BFFD2F8,7.19,56.0,4.6
11B9C6D8CE0A2D7,8.69,61.0,4.9
59C8E4DC1980D29,66.28,31.0,5.0
79E0A69D09A2EB9,80.51,25.0,
9761D24370CEB02,82.79,3.0,3.0
7275861C790E9B7,56.39,11.0,4.6
64D76CB77339E95,10.71,14.0,5.0
C66F2ED743FD60D,79.92,25.0,4.0
1AF12141F92FD08,17.55,16.0,4.3
98C64FB348D56DB,65.19,31.0,5.0
C1A44ECF74AD11B,52.75,14.0,4.2
10C37B3C87DF98F,74.61,17.0,3.9
219F77923F30B58,52.46,27.0,4.2
4F79A5CA4D689A8,22.69,47.0,2.4
843C51C69ECD975,9.6,11.0,4.5
E8F4CED7A3557A5,7.81,11.0,4.5
AEBACE30CCAB34F,8.23,17.0,4.1
3A38180B25C79D5,82.12,,4.2
1B0F98F5F077155,0.4,67.0,5.0
975C91650351A13,0.4,6.0,5.0
DC34FD2F8086E2F,41.05,30.0,3.8
72747A88F917375,0.4,28.0,5.0
7C543F0931BA735,0.4,203.0,4.1
D8408C76198C34C,4.17,36.0,2.4
A634DF80ECAD524,0.71,22.0,3.9
AE14A146525EEE9,5.36,68.0,4.8
A629DB1C11CE823,15.54,15.0,4.9
AF1E308E3CD33A2,0.4,8.0,4.4
8FB8F050BD7FF2A,72.14,16.0,3.4
6EF4174D2816835,64.95,6.0,3.7
424563A024FF2DF,60.47,43.0,4.0
0F21987E80106D8,57.08,188.0,4.5
8875286B1FE4060,66.36,69.0,3.9
B130EAACC976151,5.15,58.0,4.0
400BC600261A557,23.32,17.0,3.8
C89BD3830849E77,35.72,14.0,5.0
DA548148B499223,71.79,17.0,5.0
D9AC17F400AF86E,56.89,44.0,5.0
A1A8B4BE05098A7,46.94,60.0,3.8
3A12DAF452D7F46,52.98,5.0,3.5
3FDA3AC6B5DF05E,6.98,98.0,
93577E487867128,35.8,63.0,4.7
ECED41FD8872D48,59.01,34.0,4.6
B019095D4C21AB0,58.3,13.0,3.9
9C904331842250A,38.13,96.0,4.4
CE4CFBE646329C8,4.18,8.0,4.0
73666D48BFD7CF9,1.64,49.0,4.8
1D7BC5FC9AC6295,0.4,49.0,4.4
F39429B29FF7068,75.38,36.0,3.1
C216C4E16A3398F,74.48,15.0,4.6
F5C415FCA2DE19F,47.25,26.0,4.3
72E3DCA32C33F94,39.19,148.0,5.0
3EC246013EE99A6,8.95,21.0,2.6
C2EDC790E63932A,11.44,25.0,4.4
BF9ED4149B86A08,5.84,253.0,
FE21287D03D7D20,51.06,14.0,5.0
DD47823B03CBBA7,54.88,37.0,
CFAD94C757B78DC,30.13,4.0,4.6
8F8F336EB94B1EB,43.97,145.0,4.6
02C78B00FB2628F,43.63,9.0,4.5
9C240B066D55A71,0.4,13.0,5.0
7FE1ACD93CF8B11,21.34,35.0,2.9
E5FEC6CCC20BC2C,5.61,285.0,5.0
C4982C0E1741A2E,20.83,23.0,4.5
FE07F91EB6E6ECF,4.0,236.0,4.3
6BD47BEF71C5787,10.87,73.0,
EA91C9B34A6ACDD,60.21,6.0,5.0
4D484F243627776,0.4,62.0,4.5
B700E1647D12359,94.1,14.0,4.5
1E890891ACB68AB,54.65,,4.2
8709849BF711DCC,79.77,10.0,4.0
EABF0B8B64D60D6,5.47,,2.3
881344355F77C17,9.12,5.0,5.0
A5C92B547C0E7BF,29.76,23.0,4.7
ABB37A715663497,0.4,13.0,5.0
50E756C8EC262DA,15.67,37.0,4.5
8878AE7D526D14B,81.53,9.0,3.2
5D6ED47266A7BE5,53.14,180.0,4.8
BBCEBF67449EAB9,2.76,51.0,5.0
93FDFCC7650FCBB,94.2,106.0,4.4
C5222113A507468,15.78,,
67C36244A6869BB,10.78,43.0,
0E78A39B99F5CB1,0.4,8.0,3.8
014F463978B6A16,6.9,33.0,3.3
C8E53C6AD6B2F10,86.72,,
ACED1AA2CA1AC26,53.82,6.0,4.5
FFE2FCC50FFE7E5,14.92,24.0,4.2
464F163D7031769,25.46,25.0,5.0
230FE5CB4387266,25.55,36.0,
F36E3CF1754BA77,10.96,19.0,4.9
4720878B596C90C,17.03,18.0,4.6
69338BA07DECD38,92.46,10.0,
FD9AC1821EFDD4A,0.4,13.0,4.2
0D7ECE866F5A83E,61.03,30.0,
8418E8E03DD3218,24.75,59.0,4.3
E9FE833F2E85430,52.3,221.0,
5B13933BCC34620,2.66,8.0,4.7
DD9514764839A55,13.99,41.0,
273810D6A62F757,52.42,4.0,3.1
CEE4311769C318F,8.37,11.0,5.0
3E92E81FD9119BC,42.8,12.0,3.9
A45872F8A44544D,56.91,59.0,4.0
B242394D5C70698,34.68,67.0,5.0
E6CD5F58B379B9E,0.4,28.0,2.9
900FB71313AE127,62.24,38.0,4.2
363940D2015C0CD,0.4,3.0,5.0
5D38B2BEB13734B,73.4,25.0,4.7
D73495027E78527,0.4,78.0,4.3
8ACF597B9D0B7D0,0.85,46.0,3.8
26FFF4D56A2A809,52.5,29.0,4.7
AD7DEA780FCE648,36.51,12.0,3.9
F64D4D1E92B5ED3,67.24,24.0,3.9
1228F7712677DBD,63.4,12.0,4.8
5200216C3C35ADF,83.19,24.0,4.2
B967ABDD1D88743,71.21,60.0,4.5
C4F8936EAFD74D9,8.41,52.0,3.9
3F1D838408AD16E,25.54,7.0,4.9
A6F8FF5AC25B5D8,32.8,170.0,4.3
E2FC18EF1EC74AB,54.82,,3.3
67AFC572E714D19,22.86,40.0,4.3
0D77C6948C0109D,65.24,12.0,4.1
C1F7D99CA7CECC3,9.9,80.0,3.7
1DCB94CDA657E5D,66.13,43.0,1.7
DF4E8807D1D9174,12.74,13.0,5.0
B4E742054B890A5,0.4,15.0,3.1
EE3B45DF7513661,20.23,57.0,
64C888AB2686BF5,50.05,21.0,
F57309D41B968B6,0.4,41.0,5.0
4B222BA41596C95,26.99,69.0,5.0
8B3D6241E59B043,0.61,27.0,5.0
F648BEB56D2174D,0.4,14.0,5.0
B860AEF397811D0,0.4,43.0,4.2
F890070C9784327,81.38,12.0,3.3
AA6A748138019C0,16.26,6.0,4.0
F83E2A783A3D324,4.28,23.0,4.0
7E8D88277F619A2,1.93,11.0,3.7
449C3F788C8C012,33.15,7.0,4.1
B3BBA70B404E8D5,15.38,30.0,4.0
064AF1F1E5E571E,81.13,16.0,5.0
1F5CB3DB68E0A7E,87.39,11.0,3.6
DE63C3873BB9CB2,8.2,17.0,4.8
00D330729BFD5C5,47.33,128.0,2.5
BF8AE5F8AF0AE5B,65.27,26.0,4.6
96476911D2432B2,0.4,25.0,5.0
760B71143D561A0,16.9,4.0,4.2
CA0F21C053C0C44,60.29,14.0,4.8
7B023276B0039C1,69.8,193.0,3.8
9B72E026728D3DD,55.56,27.0,4.7
671CE7E2C162146,7.23,24.0,4.8
C8F6BBFD8381AC6,0.4,24.0,5.0
2342D7EDEA04FC9,59.88,23.0,4.2
1E562FDAF70A75D,0.4,30.0,4.2
32323DFE149D278,44.65,,4.2
D609409FE9F3ECE,0.4,24.0,4.8
17E43707468DEBB,0.4,111.0,4.0
83E26387F45F8CA,6.77,3.0,4.7
D7CBCA4EF475790,26.68,8.0,3.8
9DA55614C19E3FA,3.19,,1.9
3DEA327F66E50B9,1.4,7.0,3.8
D5B4CCCC2EDAAD3,88.07,8.0,4.6
06425DB10A486BD,20.47,82.0,4.4
76E4ADB58415498,41.26,22.0,4.6
6CDB73E7AECDE6F,38.12,4.0,4.4
FADDA9E683600C6,44.28,26.0,3.7
09BDDFB8B07A58E,8.63,,2.7
430545A428336D9,15.97,34.0,4.6
5232ED7C3F34408,10.28,83.0,3.3
75C41AE33AE4822,2.85,,5.0
8AF936F947B693D,4.02,9.0,4.0
E90536B03FDF177,55.67,5.0,2.8
28345D2FFF336B2,49.81,9.0,5.0
57B353B1CE9A862,2.56,14.0,3.8
70D7FCDDF3E31F7,88.12,,4.3
D69FDBDBA06AB4E,44.62,150.0,4.8
479D7A5444E9F99,50.4,21.0,4.3
97D3DC90854D0FE,5.54,,
B40D26673646013,89.13,75.0,
2F6F4B1DD6FF23E,0.4,37.0,3.8
C0D512C6A117EE6,68.61,14.0,4.2
2B30D2C602443F7,7.12,13.0,2.6
10131E4FFB38599,10.47,23.0,
2A6780B7DC84112,10.96,185.0,3.1
510D98D6CEE6332,63.07,33.0,
34084F3AD4D6F2E,6.8,21.0,4.1
A3F855151191FC4,3.56,36.0,4.6
E6F9B0790C18FA5,52.19,42.0,
C4FAD9E43BB6276,20.18,9.0,4.7
691E89113EC15DB,8.09,17.0,3.0
77F828639CB6D8F,12.09,4.0,4.0
025AFED1CB6A920,45.49,19.0,
554B015FEB2382D,17.74,31.0,4.2
0DCB351DAAF0752,69.86,,
80A130C1E62F708,62.76,27.0,3.4
4BEAD6D86E5AA83,31.53,6.0,4.3
AE35A1E306F0D83,5.18,58.0,4.7
2EA419ADD6C5B41,79.56,38.0,4.3
A47912B215B23A7,11.38,26.0,5.0
780BF64F0FAF6B3,60.62,22.0,3.8
A362EA11EF58500,79.52,36.0,4.9
48B9EFA78CFC5E4,2.68,58.0,3.9
D93033C2FD09BE4,67.91,,1.8
413F1DD13C05AC6,68.33,59.0,
2C26BAD624331D6,48.06,21.0,5.0
EA14B43C7A58AE9,70.99,33.0,4.9
2B8042B6E1B2C2C,9.96,29.0,1.8
AA23AF957FCADF2,73.05,24.0,4.0
7879E95FCAA5BB2,5.14,10.0,4.5
D810C33A70C0E0C,25.44,31.0,4.4
B7708B6F2ADBCFB,0.4,54.0,5.0
D6A310C2111FA27,11.17,19.0,4.1
470A573A65A418D,54.2,17.0,4.2
F96B50C2E168432,46.04,22.0,4.2
65292FD0CE50060,44.6,33.0,5.0
3D072304F46F3A1,48.17,22.0,4.6
EC829C3E1B4F46B,68.63,17.0,4.1
0EE6575EBAA21B8,62.55,5.0,5.0
6F1C1713E14EB62,3.62,7.0,5.0
503C66E53862F74,4.95,31.0,
50B07EF3DCC62A1,13.95,,3.8
5A09585ED3122FC,0.4,9.0,5.0
A5D1C640CDB0EEF,10.69,20.0,4.5
C26D2DFA4E1CBFA,35.85,32.0,3.7
E2566775453B57D,20.3,39.0,3.6
3F59EC98CE17D05,56.78,,4.2
044C405D6D83C4A,3.12,19.0,5.0
4BF2EE688E97CD6,52.01,35.0,2.6
25ED35A5D76FD0C,0.93,229.0,4.3
8EF44599AD949F1,3.23,25.0,5.0
0C362E95874A03D,52.98,28.0,4.5
45C70962961AB17,9.82,19.0,3.5
D66DCF580987E04,44.1,19.0,4.7
DAD7120C0DEC392,49.96,14.0,4.0
AAC1E23F1D40523,74.7,33.0,2.9
7437FF8EEE9BA6F,21.47,121.0,2.6
0B8CDBB5B1AC63D,74.48,24.0,5.0
8D862274CE0161E,5.68,65.0,3.3
9558AD6677EC775,41.9,76.0,4.6
F131BE606BC436C,22.94,21.0,
9A18826EEC3BF71,59.19,70.0,5.0
D50DBC99F2C5B43,7.62,20.0,5.0
031550587175E9C,18.83,22.0,4.7
5B52A8936BE5AC5,1.66,29.0,4.4
D8D4BC0745513AF,54.34,38.0,2.4
166ABF6BF2ADD9C,34.94,148.0,5.0
2E27579BA9B4478,41.1,20.0,4.7
1E587292D7DBF52,4.75,76.0,
4E4D1E89934D963,9.43,118.0,3.5
C0C3AC05E01B316,3.51,102.0,4.4
896DCC6F3CBE739,60.12,,4.2
07E49AD7F45B8C6,8.2,21.0,4.3
8B04311EA20EA17,18.96,23.0,
65C940D6D5EBB28,3.93,16.0,5.0
2003D55FCEA650C,2.76,35.0,4.2
8A551905E61C78A,18.5,37.0,4.6
1572781E56B466E,10.54,77.0,4.0
9B4DBB453C07BB1,51.81,19.0,5.0
B0AED845321E6DE,2.75,85.0,3.7
14D4220FC869DC9,19.33,29.0,
79DDCF8AD4D2A93,6.8,173.0,4.0
0FF6E059AC49EAF,28.97,21.0,4.9
0B94971E35488BC,50.53,9.0,5.0
E7353FB176AFBE5,62.21,35.0,4.7
45FC66781EA88D0,29.48,,4.8
94EE120A74DE647,26.21,36.0,3.1
3BB5AA0EC23D67D,12.16,27.0,3.1
B7CF0793F5F0C9F,90.54,235.0,2.3
DCA650D58D75C8E,70.41,19.0,2.5
378FDFA73E361A3,9.91,53.0,2.8
510977EF4474286,27.47,8.0,4.8
08D1B66E7208E8D,47.06,76.0,4.6
69BFB24D9D95242,14.78,8.0,2.9
8C980648CBD424F,6.65,26.0,4.7
D87275E6E2561A8,103.11,16.0,4.3
6712B8BE701CC7E,34.6,14.0,3.9
4AC3CD7AC36C5F3,8.1,16.0,
5A106BC02B52E0D,11.56,257.0,2.6
4664DE6B8408D18,42.89,63.0,4.3
A7D97B9F798C820,8.28,44.0,3.0
C22F828F7ADE82B,0.4,11.0,3.6
5B2C839450B559D,23.28,18.0,4.7
9313764D1913834,17.08,24.0,
AE35A991BD423DD,71.06,99.0,4.9
3B495642FF621D8,5.67,216.0,5.0
D45946C1A0031A9,7.21,120.0,4.3
DBE1D43E2A7DDDA,71.86,,3.7
B09F2E14BC5BDBD,40.23,27.0,4.1
0F6C10C6178CCEF,30.9,11.0,5.0
585DFE7B1A7D4B8,8.28,215.0,3.0
6A4BC4A3FE70522,70.14,8.0,4.2
7DFAC79E481F778,12.57,20.0,4.3
E7630A1E9B41451,53.61,,3.3
A50A79469DBB3D3,15.94,48.0,2.8
1B07C54BABE6DF1,11.58,145.0,
4C227588CA23060,54.05,3.0,5.0
4A8A9961B1162FB,0.4,18.0,3.8
1917C8A044A37BB,71.6,11.0,3.9
BEFE2D8C5486E47,7.29,32.0,
4BB3EE14C6FD948,37.99,32.0,4.9
7A3ECE5E6E41610,75.33,,3.7
D18B1EAC4086C7E,0.4,16.0,4.0
3D99C14057C5AF9,0.4,25.0,3.9
4341CB49074BE9D,4.37,9.0,4.9
35E7E86A0BBCFAB,76.3,19.0,3.7
6AD07C76311CC68,80.27,52.0,4.0
DEB94909A3790B4,44.53,16.0,4.6
1EFEBD5D58961DE,49.43,32.0,4.4
6A4CFB30813A852,9.49,61.0,2.1
4B09B6EB8D5408E,48.6,59.0,5.0
F7D7B259F045D4D,87.03,48.0,5.0
63A29E8FE0560C6,65.93,21.0,4.5
7046E2A87177266,28.41,24.0,4.2
794C709FF02B916,0.4,54.0,4.3
867B4E362EC777C,43.8,29.0,
537D694A6720C2F,0.4,38.0,5.0
262BC3AFED067BE,10.4,106.0,3.8
F15105122B10189,24.17,135.0,4.6
2DE45CCD64ED11E,20.12,20.0,3.1
CCF56D8D5F62CA6,39.9,190.0,5.0
02553E5338771EB,0.4,15.0,3.0
E7DFB7D621BD311,0.4,28.0,5.0
85F19D8322FF78F,60.66,18.0,4.2
BF14DDEFF1189E7,0.4,5.0,5.0
F208A31528CA9A4,80.48,,5.0
369EADAE3D299EE,46.07,27.0,4.0
5C7B5E91D1457BC,92.5,33.0,
C7CD78EB3EE4CD4,8.48,14.0,4.8
27D7EE9550E1A97,20.07,14.0,
E4373299EFBBA25,63.52,10.0,4.4
DF5C08DA479A855,49.83,50.0,4.0
7125092DA2AB6B1,11.31,37.0,
A30E05A20BD9EBA,44.4,61.0,3.4
4D2F3BC44DE575E,55.07,261.0,4.2
A1C7C7CEEE003D4,38.46,10.0,4.6
2D837481EE05870,78.23,64.0,5.0
B4B18D6D98F6DAD,63.1,29.0,1.9
A614BBD38837A58,22.89,,2.1
25EA79E54B7D412,2.8,6.0,4.1
D6F6971E539C066,16.06,154.0,3.6
E77F8F735ECB926,73.24,4.0,4.3
4A979DCCA6C9A5C,0.4,26.0,4.3
1A8C7DAACCC00FA,0.4,6.0,4.1
28E1E0AAE391153,46.35,31.0,1.6
C767F2C9BA25720,50.21,7.0,4.6
A10D359D0D717CF,10.69,444.0,2.9
785249DA6A88FDF,83.72,7.0,3.8
98421AC449AB042,85.55,,4.3
AB3A0F393C84DDB,23.96,22.0,3.9
0C218C8BD2CFFEB,84.86,29.0,4.2
07D2DFCC30CF63C,0.4,31.0,4.0
AF92F2E812E7F45,41.26,14.0,3.7
96B0A92203D000B,37.73,8.0,4.5
A262673E76A46E7,12.19,21.0,
A347FFD8165812F,0.4,17.0,4.6
B36ED3AB1EEC64B,4.68,44.0,4.3
094917F2737A950,93.16,11.0,
C0E2D4FF99231D5,63.29,17.0,4.9
5D4E84920920CEF,0.4,35.0,1.0
310E9B9A9B21C23,2.66,5.0,5.0
E3670E94D08AEDD,2.17,27.0,4.3
33786B31DA0C2BA,49.58,17.0,4.8
45CF2F096E4C63B,65.24,55.0,4.6
9AAB6C09FA0639F,68.48,55.0,2.7
06737497BF18C24,30.37,41.0,3.5
A058E816E384222,12.27,26.0,4.2
4467099CC67A21B,0.4,10.0,4.6
33B81B9C4FDDE03,5.81,38.0,
6DE192F692756D6,64.65,,3.8
0C1EF5CAF99E3C7,21.37,32.0,4.6
8A2CF53C2C01B5C,10.05,51.0,4.0
98122C85387AE02,0.4,66.0,4.5
C9B15819C6CEB8D,0.4,4.0,4.9
F2FA26598655AB5,42.12,26.0,4.5
3AEECB928C482E9,57.76,19.0,4.7
FC0878D698A5349,71.98,2.0,3.6
93C21500F6EC2DA,52.19,33.0,4.8
8CFA72B1842C76E,48.3,34.0,5.0
B646E8848FED577,77.22,56.0,4.5
516C4ADF696B63C,6.07,21.0,3.9
5E0144923B8FDCF,11.02,7.0,4.1
06D15A3CD1577D4,2.46,38.0,
13CF20BEFA833DC,47.01,28.0,4.3
E47E36F054492E9,5.83,20.0,4.2
D87D053E50CC9F8,28.26,105.0,
9E0EC4D02C94F40,67.38,11.0,5.0
965D03F6D460984,16.67,6.0,3.6
E5E7E4B3BA13DF7,1.94,12.0,4.1
62B4F7695EB59E0,0.4,15.0,5.0
84781040E02D025,45.85,55.0,5.0
98AC765AFBD549F,0.4,8.0,4.9
9EE293275920D26,32.59,50.0,4.8
82B3C0C48802B69,11.92,26.0,1.6
B0194DA997D7BDA,45.07,34.0,3.8
E6AB25E3F8E77AA,0.4,15.0,4.7
D7BE4A62E4DB7A1,7.21,21.0,4.7
3CDEA9161138811,12.02,23.0,4.2
A4B0315470C2D9C,2.37,28.0,3.4
DF72B48C4969BA9,7.52,10.0,3.7
ACE7E7D2B5D83F8,57.79,30.0,2.5
7E3C6CBDC369447,13.19,29.0,3.7
2F2A53DC6CDB357,18.25,23.0,4.2
F8D6737D511D278,6.28,76.0,4.5
44CCEF0094D0320,33.83,186.0,5.0
B144A3C300FF691,0.4,6.0,4.2
3FAF05555496605,0.4,15.0,4.2
5B4D41970DC5EB3,0.4,33.0,
F2E5B5615B0DF2C,41.81,12.0,4.3
DE9A69A35AC2BD4,48.7,,3.2
D451DA841E2B6EA,55.04,24.0,4.8
8C3BC63DAC628F9,20.17,5.0,3.2
C475B02DF72AAE2,64.76,6.0,1.9
80C0CB8AE2D9295,3.64,71.0,4.9
3DD3D3C1AD242D5,11.97,61.0,2.1
0EF0FE0424D69CD,76.05,9.0,2.8
661713FDE0616EF,34.11,22.0,4.3
9DAFCCC2C958FC8,18.24,3.0,1.7
D910D2C35ACF4BC,72.19,30.0,5.0
0B82E537648660C,9.45,35.0,4.8
0DE3D60FC513DE2,19.22,10.0,4.7
E77184D26DD922A,4.83,18.0,5.0
FD77D42F6829910,0.4,62.0,4.4
480D767BFA3E972,54.97,,
8E0E73866903920,25.08,38.0,4.7
8090120B20EF368,68.87,45.0,
911FA0F5161F399,29.58,,2.8
C4BD528742B9F6F,14.71,39.0,4.2
E6488703C2D284B,45.71,10.0,4.5
ABF137A47B22B12,400.0,29.0,4.5
4805290BCE3C0F2,35.8,45.0,3.4
A0B06676C145152,47.96,25.0,5.0
0178C334B810124,55.24,165.0,2.6
0FDA5BAC5C2AADE,21.6,8.0,1.9
E29FCD6EAF14925,54.84,6.0,2.0
3ADC9F2E98AE7EE,33.97,19.0,4.8
FFC1A3B77735AC2,4.87,195.0,4.2
2643C429149ECB7,2.94,15.0,4.4
1C101D14D185967,44.19,97.0,
FFDC8997CA803FC,3.21,133.0,5.0
430791E4F6D20EB,18.79,71.0,2.1
277A5D52F7B5355,33.33,35.0,4.6
94B269ED39EA3F4,60.18,436.0,4.7
72CB585C0638818,4.58,29.0,3.3
D2AAE66E7CF5162,75.22,6.0,
BC2D8EC72C113B5,25.41,19.0,4.3
83CC5E8DB7766DA,84.62,14.0,
C8190A4971AED21,30.81,40.0,4.1
BD8C601361E9144,13.37,4.0,4.7
6E23FAE403EDF22,38.04,18.0,5.0
8421EC2A585D6CD,16.94,46.0,5.0
6CC101C4736C4CE,37.86,38.0,4.2
DD899A732720598,79.08,31.0,5.0
D94FE885E035876,78.95,150.0,5.0
7B16DB2F5477AF5,6.94,16.0,3.2
537110BA33DDB11,0.79,35.0,4.5
E874391926D3CB2,17.89,53.0,2.2
01F1BC2420EFDF2,66.2,,5.0
2F3F829A315DD4C,8.55,,
326337646372B59,62.92,,2.7
0CA34FE79E946A4,16.08,,2.5
2E777E423209432,40.21,11.0,4.4
B8C9BF8A17A091D,40.79,,4.8
12AD4C833F07200,26.74,31.0,5.0
23FC168B02EAE8D,58.26,7.0,5.0
4511BB48FBF9001,20.48,136.0,
5AB9EAB8FBCAE77,50.97,,4.3
BA88FE132438238,69.93,31.0,4.6
81E22B019AB74B5,32.79,19.0,3.8
EC79DF8C74CC279,52.45,15.0,2.7
6600EBC0BA9EB65,0.69,39.0,4.6
F745AA90E900C68,0.54,9.0,4.7
95E93A6C0741326,52.46,3.0,2.5
0FB91EAEA967025,65.1,,3.8
86BBF572801BAF5,13.55,6.0,5.0
61230C83F0B5A6E,0.6,21.0,5.0
E155B016F7B6291,9.6,15.0,
7DF563787D24916,63.78,96.0,
5CFAF87FED94CB6,91.26,13.0,4.4
A418426AB1AA3B5,29.78,23.0,3.8
B053AA3D9B0B5AD,0.4,3.0,4.3
CDEBEB81C86C841,3.93,44.0,
DED232C808F6715,73.25,9.0,3.6
EB6AF05A623CB5F,0.4,8.0,4.1
CF4BFAD673320F5,75.92,9.0,3.8
D01FDD232925982,42.74,10.0,5.0
B3E9F88E890DFCA,20.38,7.0,2.5
D9C02F2F6FC6122,73.73,49.0,3.6
88FAA45E6446169,9.24,38.0,4.6
80C1121100A92F7,47.85,39.0,5.0
C5BEE5F9A5195AF,81.05,,3.9
DE1753670804096,9.02,160.0,4.8
7C4B388581C2B87,47.32,18.0,3.7
6BC0E7E4F42C3D5,12.08,169.0,
841581E365B18CC,53.97,8.0,4.1
A69707BDF60EEB3,49.78,,4.5
7594743BE8F7A1A,6.14,39.0,4.1
1D2582DAE23D36A,61.07,30.0,4.8
744B14C8D94C9DA,33.09,47.0,4.1
40E2EF8FE49F6B2,1.64,149.0,3.5
068F20E5D59E4E0,0.4,66.0,4.4
E7209FCC9A187C9,20.75,106.0,
4CBC6838057ECCF,71.15,221.0,3.7
44DFA2979B50AD8,35.19,16.0,3.6
64D7C4D253CB554,57.49,41.0,5.0
2BAFEE8C3C14DBE,8.81,31.0,4.1
CFA254C14B08362,6.67,14.0,5.0
74CD00929A609C9,14.17,45.0,
C947FCCEBAE91DD,6.09,6.0,4.6
D09ED6F4C5D448C,12.26,18.0,2.1
384D55CABF79749,62.72,37.0,2.4
FE526336A5372C4,61.77,40.0,4.0
60EC79F6B21B07F,57.88,9.0,4.8
D76B79AC320AE2D,19.43,9.0,4.5
D9C2E5E13B1C234,51.91,50.0,4.8
26CF0F5C2A4AD96,74.94,50.0,5.0
9744F2C7BC6161E,2.7,,
9C35E3651BB1328,49.95,6.0,4.2
BBB8D9834712DD7,51.77,34.0,4.1
1F55708F949432B,42.14,7.0,4.7
87F3AFA636202B9,70.43,29.0,4.0
6F8B4D891D49DC0,2.31,35.0,5.0
E4AC7EAEDD7ED8A,2.15,8.0,4.0
4A375CED38AF90E,101.51,2.0,3.7
F41877CE6BD4A60,0.4,,
B3EBE60813D6CD6,48.96,50.0,3.8
DF737FAC1F7A530,71.35,59.0,4.4
373253D59F5E5EB,1.45,64.0,4.7
F26B579191F03ED,5.41,16.0,2.7
8FDFB2B538C18F0,26.3,24.0,
C81C90AB5BD027E,7.7,75.0,3.5
3C09E1DE47C04C7,17.18,49.0,
2093A9A4AFAA607,20.73,12.0,4.9
B247F2C36953A1C,12.21,62.0,
56894DCCAB75187,0.4,93.0,4.4
6C638914A788508,60.25,24.0,4.3
51160E914502185,8.98,29.0,4.5
74DB597964071BD,400.0,109.0,4.5
8372A8EF3AA8B3E,8.97,59.0,
7B50E4852D3327C,3.43,,5.0
B62AF1DEB1BD340,3.16,31.0,5.0
98FB1FC84D62CBE,86.32,74.0,4.1
5D7E44F6F18C67E,50.52,17.0,3.5
66A5247AA2843B6,75.79,10.0,5.0
81B2FE1923752D3,62.97,12.0,
C69512BD6205CC4,73.63,,3.4
60603D3CA03091D,400.0,24.0,4.8
E3F6031886F5B84,8.82,12.0,3.8
F8FAAAA69E00060,50.56,85.0,4.5
038EF93FA643524,0.4,40.0,4.5
5251A309E05B453,60.1,82.0,4.4
297AB42F1EC3F3F,24.62,9.0,5.0
838E60B53822631,20.66,44.0,5.0
2E560A5AFCCDC66,7.69,30.0,4.6
411A574948FFAF6,0.4,11.0,5.0
4AF686ECD42AC25,3.26,49.0,
660C894D53D5039,44.94,135.0,4.2
634EAEEF0A2477D,50.58,54.0,4.2
F6D9530B93CCD13,11.75,23.0,4.5
4C92510212C5586,33.39,1.0,4.5
EDEBBB97E633F5F,6.6,39.0,5.0
2107BF9E21867B4,33.58,22.0,4.5
77D610642AA5E5C,65.44,130.0,3.3
FA8FB974B78862D,37.83,115.0,1.9
3DF3C1A725A9C5A,59.27,9.0,4.2
71C67FE2CDA01CD,67.4,51.0,4.5
DB40D82FE6237A8,58.71,7.0,
9D142A44808E1D5,0.4,19.0,4.6
0726E7DC74313F3,3.77,34.0,
C69458D078088DC,15.8,,4.2
318A48F0905B0BD,31.87,75.0,4.1
81C3212AAFB301C,12.24,9.0,4.5
D35883C8B66AACD,16.56,35.0,
81D2D71D4E92A8A,1.46,100.0,5.0
7D68C34CB7C4DCE,13.92,15.0,5.0
5A8DEF32B68C085,52.23,7.0,4.2
7C4FBE6C43665AB,11.94,4.0,4.7
7DF93D589576E0C,2.62,91.0,4.6
AB45988BF103BDB,56.91,24.0,3.0
F9F7850A2A3E2AA,47.27,11.0,2.9
6EC42FD27020A5D,1.29,55.0,4.7
6DBFE54630DF957,19.7,6.0,4.7
74069766BA46796,19.66,186.0,4.4
5B59DEEE032D5C2,64.61,158.0,2.3
73A046F8EECC0BC,51.85,57.0,3.6
E93DD55EBA452A7,2.61,,4.6
0901AC1590E6EF5,31.67,,4.7
1A01206FDED6B3B,2.31,1.0,4.3
2F99C345336C5E4,66.02,,1.8
3EF2D5FA8F7688F,5.1,27.0,4.2
19DB373217D3F5D,14.72,29.0,5.0
690D359F6FDC942,0.4,11.0,3.9
8320273710C3F7C,65.57,24.0,4.9
FAFF3C5C4765D28,36.81,16.0,4.7
3FE8D768923C539,39.53,16.0,3.9
87207D71767C191,28.16,38.0,2.7
C47F3ABAFA0CDA1,67.09,2.0,
C9676104D373D05,60.48,12.0,4.7
91A89010CE4997E,15.04,45.0,4.2
94F0B2021532C87,0.4,13.0,5.0
B224901B8690945,36.26,104.0,4.3
5F92FD0E7037DCD,6.06,,4.3
D75AB4EC446648E,3.8,8.0,2.7
6BE8DD63796AA67,58.21,15.0,1.7
006AB9D6019DD51,9.78,61.0,2.2
3F908E577201789,0.4,81.0,3.1
8A2DB053A04E544,47.61,8.0,4.7
2EA97DBE99662D6,17.07,4.0,
A66820D5E93773E,68.7,60.0,4.8
522A0DB878A2ACA,74.48,151.0,4.0
EA1486EFC6030D9,33.15,50.0,4.9
A6EF8D9046E639D,15.98,36.0,3.2
FE0DDEC9B5C297B,0.4,40.0,5.0
F8343F5F229A055,0.4,125.0,5.0
0C473B6CE7C4162,9.79,25.0,5.0
6005093B400654F,92.71,19.0,4.1
BAF31721987C21E,34.06,10.0,4.3
32C4CE9BB54CBE9,28.49,16.0,3.7
DD0885ABDD6FA1C,15.04,8.0,2.0
56F50E60640DCCD,1.26,14.0,
AC86100C0154A8E,46.02,30.0,3.3
4FA27982AEA759E,10.8,12.0,4.1
0F0DC1C0C73EFB8,0.67,51.0,4.2
195CC71004903E1,50.12,24.0,5.0
ED455DFF5231EAD,65.4,11.0,4.0
FFEEC93D0A3B3B1,53.88,13.0,5.0
D142A9F1AE45726,0.4,397.0,3.8
5064E75EA874D26,33.7,,5.0
854C6B8DFCAD4FC,6.43,19.0,4.5
D58B925014A79C2,45.97,64.0,4.0
BD92E68714C8B33,8.31,68.0,3.2
F17AB2E1642AACF,9.5,16.0,4.7
A55913465D997BC,52.55,23.0,4.3
C5243DB54720201,0.4,40.0,3.9
8973B70B98E4C6B,93.66,12.0,3.2
65FF1D51BD90257,72.27,38.0,4.8
FF9163D3202E31E,17.18,34.0,3.6
11F50E9D0C263DD,0.4,149.0,4.7
F2D632AF5872A5A,12.96,108.0,4.7
47BFA31BE078341,29.49,14.0,
75253D7A34A3664,42.06,52.0,4.5
44737BC3FB99102,6.66,16.0,4.6
C304030186681A2,12.27,42.0,4.2
607BC791B90DC6B,45.93,5.0,4.9
CD212E5CDDB7F41,46.17,83.0,4.0
3E941143EB5AB6B,62.76,43.0,3.6
D0DF676938D0C0A,8.57,84.0,
8760DA6933478C0,0.4,67.0,4.9
75B6155217A6918,7.39,30.0,3.1
6806DB782932C4C,8.24,34.0,
8439E9A6A819ED3,20.49,4.0,
4FD7D68E41101AE,30.15,11.0,3.3
9B417DC788FEDD6,34.82,53.0,
9183D3D6E82490E,1.86,8.0,4.7
11C7CED54C714AF,41.6,,4.1
F202C46C1B6A428,9.9,219.0,4.8
9453BA56FC78F86,55.43,21.0,4.9
F35D189CE4549CB,67.84,22.0,3.9
B378B1AF704FDFA,8680.0,15.0,3.1
7CC0C33C5133746,28.57,7.0,4.0
2B3E2548F85EA27,23.53,45.0,
38051D7C8DEB8E3,57.37,35.0,4.9
DEE6D2D19C01614,16.58,20.0,
95DDCE33E0B763B,39.55,73.0,3.3
DAF5AD93417C243,93.31,102.0,3.8
611C151349161F7,6.16,134.0,4.7
D07EECFC67EA0DD,9.33,11.0,
F5610F5DE107570,6.99,22.0,4.5
EB35B97EE76DCA9,0.4,14.0,4.5
9187B86B2857AEB,22.08,63.0,2.8
0B6DB6D382696E4,6.82,5.0,3.2
0C681652EADA4E5,0.4,517.0,4.7
FB8B4DF41DAC1E7,6.64,41.0,4.5
C40EB97CE14250D,33.71,12.0,
1D4004875C37E05,22.98,76.0,5.0
365FA53095CAE67,52.77,33.0,4.6
404FCE03C3B0B67,40.52,21.0,2.5
F464936D0467058,32.84,,4.5
B035307358DF15D,25.3,8.0,5.0
1751B80EB5BA838,0.4,88.0,3.0
A360F964B6D18F1,12.11,10.0,
6C5F3B72E7AB4E4,65.78,42.0,5.0
B7FA2D19B57911C,57.17,44.0,4.3
23558C8B208661B,42.92,57.0,4.2
82BBFF53C88A768,7.08,15.0,4.1
0AF1314B9161486,85.18,10.0,4.9
828142B26C6D644,2450.0,18.0,
28892B2DF0AFA19,4.26,11.0,3.6
7AAE2818708D892,14.29,12.0,4.4
82332C1578E8517,6.17,5.0,2.7
267866AA4993FFA,60.22,17.0,
AC37092FF2FF819,21.84,44.0,5.0
E6434D0AD9049E4,13.25,17.0,3.3
2DC329E290B5C43,7.05,4.0,4.1
1C39674940F1AC0,18.85,17.0,4.0
F4E16E82ED5A0BF,24.28,,4.7
7B43F3CD9841AFC,53.66,26.0,5.0
847BF00B82DDCF8,71.58,43.0,4.9
649ADAB53FA0EC8,54.7,8.0,4.3
889D7D8173F0F8C,9.79,53.0,5.0
8E2E19D505A7836,40.18,27.0,5.0
0F22A59873C0EC3,0.4,81.0,
3BD5C5E1963E791,30.36,168.0,3.9
BC5C1C86EC4D33B,78.79,40.0,3.7
DBCE841E8326E6E,6.36,35.0,3.1
D0738A8039A9C72,16.91,,4.4
FE4D12CC84DE398,70.06,11.0,5.0
BCD4E6EDA3E39E1,31.52,4.0,
5524455EE953190,38.97,91.0,4.2
CBD125682662D32,0.4,69.0,4.5
9A51DFB57EF49D4,24.03,27.0,
1C83235428BDEDD,69.03,32.0,2.4
CA746D6119466D1,0.4,58.0,4.2
3D09E3A668C7658,24.66,78.0,2.3
2D7C2A48D3F025D,0.4,16.0,5.0
C9B50C24762228F,0.4,85.0,5.0
B488894F7F3FCBB,10.85,17.0,4.2
A941EAF247DD8F4,1.9,59.0,3.9
59CF7FEA2492CF2,15.23,30.0,
EA3284E73A9DF02,11.33,19.0,4.1
169AE441835CF39,21.93,99.0,4.8
31647A3CC2DD957,3.0,54.0,3.1
255B02DB9A9D1E1,64.49,69.0,3.7
CB05D338D0813AC,7.59,113.0,4.8
6AB1C132DAD207A,56.44,23.0,5.0
907091A0A7FDCB8,75.07,26.0,
9DD467BC62AF2D1,31.47,111.0,4.5
E05C030DAFCC4D6,27.97,47.0,4.4
9FBECC6717BFE34,9.28,110.0,3.9
078908FB066C67D,51.08,59.0,
B0BE8421F1D2A8B,88.77,9.0,3.6
A54A24CC37B48B1,49.71,,4.1
66EA36A5BDC21AC,42.99,34.0,5.0
31628F6779EA4D9,56.97,23.0,4.0
11E76EB714F1749,4.61,79.0,3.8
99EC05BC168063C,11.21,23.0,2.1
17195B46625B3B2,68.06,,3.3
17A6FE0A1C606BA,53.19,29.0,4.9
33184CF2195F2F1,57.57,21.0,4.1
F4B25C39CACB462,8.37,44.0,2.4
4FEB796B56B6130,0.4,89.0,4.2
2FC6F12DA734C2A,11.81,26.0,4.3
E916E49FADB31C0,14.68,7.0,
517A8C6698917E2,35.67,8.0,3.4
77A3F660161EDB2,27.18,7.0,4.7
9F2C1C90F17C81F,43.16,144.0,4.0
F212E79421B51BF,0.4,11.0,3.6
B935F293C7E2837,64.87,12.0,4.2
6BD9AF33997C9B9,87.69,20.0,4.3
AFCEA23984E27F7,14.17,117.0,2.1
4E7697B9FE486ED,86.79,20.0,4.9
FE57E63C76D792F,35.35,47.0,
51F327C4D636381,6.87,34.0,
01D5A44D6C6AFEA,53.16,14.0,4.5
7311B4F06567CCA,38.16,15.0,3.0
7AE94A61A373F57,55.64,12.0,
9BE8965B3A897CF,22.72,13.0,4.2
7E1D8221CC21234,0.4,55.0,3.0
6762F1318C75BB4,2.01,43.0,4.7
70FE2819453D5B5,53.83,39.0,
AE98690F43F7750,62.57,36.0,4.6
D6A7D4EF73DBFD0,54.07,124.0,4.4
FD659692249EB28,5.08,14.0,5.0
95BA9E8872A734C,0.9,73.0,3.8
060F6579B7D3C63,2.57,39.0,5.0
AE70662C9FA09EA,67.83,18.0,2.7
4377E958A667940,46.13,77.0,5.0
6308594CCB05EC5,28.64,,4.4
55FF26B2542F72B,71.46,27.0,4.1
CCBE7AC5EE85FE2,32.9,21.0,4.2
2FBBFDF1096410B,71.46,13.0,4.6
99F3B5C86899EBE,74.23,4.0,3.5
09554CF913A1130,83.28,9.0,5.0
DD072B975B0EF21,21.81,24.0,4.4
696384C863E6C39,36.12,27.0,
101DED3CF47F2F2,23.82,57.0,3.9
5FC1F21634F0FD3,49.48,28.0,4.8
994D0E712FDCB62,37.05,36.0,5.0
95323CEFF802C27,13.97,101.0,5.0
FD8B70745D4329D,29.93,56.0,4.7
B1AA40C0A65CD87,0.4,38.0,5.0
A260E1D054AE4F7,2.23,66.0,4.2
6DDF3D3E5EF1804,61.97,11.0,5.0
F655D452CBFE982,5.8,44.0,4.8
40E683489CEF9A7,12.48,7.0,4.1
F78350CD3C64CF7,58.63,,3.7
BD734A51CBA40C3,4.3,38.0,5.0
7229AA4901A09EE,0.55,42.0,3.6
8A1385E6F8DCF0E,1.32,87.0,5.0
6F9A40C8E66BCDF,32.43,6.0,4.0
6C95262473039EA,32.47,7.0,4.5
3285C7A853ECA5B,81.95,5.0,4.8
E61CF18F5654433,42.47,18.0,2.5
F7B1FBCCCE622BD,20.47,34.0,3.6
08E783774560FB5,33.16,14.0,3.8
C78902090BD8F0C,42.08,58.0,3.6
FFF3F17863045C5,23.31,62.0,4.5
FD50F7973A1FC14,7.34,10.0,2.6
37E1356576725CA,51.9,104.0,4.6
5DA4A69DAFE1733,53.94,25.0,4.5
86A4472F751AD84,0.4,71.0,3.0
974A61842B44809,62.25,,5.0
B2CE091F13DA214,22.56,23.0,5.0
10959EAFFA398AE,15.06,,3.1
CB20CCB5ED95560,0.4,22.0,4.9
EEF7DB263AA501D,5.79,44.0,4.7
59A9F0DC147D8F8,38.2,40.0,3.6
E6A4BB66AFFB1FA,15.2,37.0,4.0
E0F0AB8BB5B2914,28.23,63.0,4.5
644B44AD7EA92FA,70.65,47.0,
F836D2B1C4B6827,61.85,19.0,2.7
BD61B4E9C9111A8,5.04,81.0,3.9
CE5096CEB838F3C,47.19,95.0,3.6
6ABAB1ECFAF73E4,20.48,,4.8
EBC7E106916B165,2.73,78.0,
E3EFD48224F6B26,0.77,46.0,4.7
897C1E66515E83A,47.15,27.0,4.7
2210D1515392F04,62.75,16.0,3.7
04B73E0FB7CAA67,2.85,4.0,2.9
994E214256F6287,74.89,74.0,2.8
E178ACE64C03306,38.85,11.0,
14824E041244E8C,23.76,16.0,4.1
4C4AECF30C237BD,32.21,5.0,4.7
0F4925B2A1BEE3D,7.63,22.0,
7574B0DB12766B2,11.72,17.0,3.0
0A94BD6C206435B,0.4,37.0,4.8
D998266AD2AC43E,39.01,4.0,5.0
DAF895208C0187F,8.51,14.0,3.5
1B21AF182A4C688,0.4,9.0,4.9
307EDB8139B41A4,73.09,,4.5
1585BF4CD3767EE,0.41,45.0,5.0
4CB13C012C9E0EE,32.87,110.0,4.2
B1B1CF5EB3AF74E,63.25,32.0,4.7
784757DB57A82D4,5.49,46.0,4.1
7B3C1018386B718,47.77,32.0,3.5
60C113B7747D548,61.21,20.0,3.6
CBB534B410DAF09,37.52,33.0,4.7
B57BBFBEE3A7719,1.63,,5.0
04B8B68E040E6AB,15.88,73.0,4.0
822D5453A420E48,7.21,177.0,5.0
2ABEC9CF1B89B84,4.83,17.0,2.8
4EDA2B27D2586FB,34.91,28.0,4.4
8C8EB1D85147CFE,42.41,14.0,4.0
B6E74EDF6225707,58.65,9.0,4.0
0718C9B8B810B34,14.81,185.0,3.4
DB3597B429B4461,44.74,16.0,4.8
3023983752C233A,66.1,11.0,5.0
49A6AAEB3BB0586,85.17,5.0,4.8
BE92145135B7F90,12.91,26.0,4.8
F66E000D9081C11,15.32,36.0,2.1
4FAC7EC8ABA39BF,45.99,14.0,5.0
ECDC00D3B3AB269,77.74,26.0,
934C3C3FDD84E95,33.29,38.0,
CA4F167091DBF9F,13.79,11.0,4.7
540B1D8149150C9,0.4,18.0,4.9
AC9CFC6E4909178,68.45,34.0,4.4
181A3EF76A95FB0,51.38,9.0,3.8
D38B92C32F40555,12.73,9.0,5.0
5AD9C6AE15FCEC6,18.4,18.0,4.5
6E50E948A5B6B41,0.4,7.0,4.0
E5CD411CFB82E5D,54.51,23.0,4.4
498D22ECA4C0A3B,77.0,13.0,3.7
22E323A5799341C,0.4,62.0,3.3
2D3B726F7F017D9,14.31,,5.0
63E06C9FCC1E3E7,50.33,,5.0
A3BC020F81EBEB0,1.09,29.0,4.2
084550AFAE0E55F,10.53,18.0,5.0
F19707AFD5EB905,7.62,69.0,4.6
AD6F15540145129,54.77,11.0,4.4
72354E9A689E88F,62.06,14.0,4.2
66B05AF98E47427,8.99,40.0,5.0
DDE776A7720FA7A,18.3,51.0,5.0
10C1B777C232569,0.4,101.0,4.6
08878A8483940E4,25.04,18.0,3.9
F0B2525AA720620,11.29,11.0,
247A6B52161AF46,15.58,3.0,4.7
0060CD3B0621E39,67.13,20.0,3.6
8FE3A74D6445A7B,68.11,6.0,4.6
FCE31DBD03DDEDF,0.4,16.0,4.7
747D992A39F5133,63.84,93.0,
E9DB0042039CB88,14.58,,5.0
037D2F487474B10,32.32,15.0,3.1
B77A7B4CDF5F450,48.0,69.0,3.7
3EB1D14FA40C014,5.73,91.0,3.8
23A5D3EF38624F6,0.4,33.0,4.6
2598A3FE982C157,0.4,8.0,4.5
8D8F1B18E59C5A0,32.98,199.0,3.4
EDFE4B0675E344C,7.1,21.0,
777215A703A2BC4,79.95,22.0,5.0
F62DFFED5DDA418,34.58,19.0,4.2
BB284C2C9BDA702,59.83,4.0,3.7
5988581A11AB4E0,3.62,100.0,5.0
95C84D5DCF89ECD,69.67,315.0,5.0
4B43F73815CB72C,0.4,26.0,4.1
772AF74AAB300FE,9.69,,4.3
2E08976EF2579B9,11.85,19.0,2.7
250A0DD7338DA2F,18.84,17.0,4.3
8B02F7C63C839B5,43.25,4.0,3.2
4CB27A079AC18AD,60.53,4.0,1.0
274647A3D91C945,62.79,12.0,4.3
1703E2D097E47AC,12.6,5.0,
26DB134831AED7A,50.49,17.0,1.5
79B6F3CA866CDF8,2.82,1.0,5.0
5D7994A03F87B41,68.38,74.0,4.8
6AE951F78E5F7AA,16.47,15.0,4.3
545DE8D77E3B3B7,54.07,33.0,3.3
9E0638A6DDC4F52,62.4,65.0,5.0
AEB262A4E8E6470,0.4,21.0,2.2
5A5FB7BA75BC2C9,7.75,48.0,4.2
C235D6E02C7FC22,7.96,133.0,4.2
C1D7EAFDE18168D,92.36,66.0,4.9
6A3C774205F4A4C,89.41,29.0,4.6
E5BE2A01F4760FC,47.08,20.0,5.0
A82F5B84B040794,25.59,40.0,3.7
46036D695833270,0.4,47.0,5.0
623E6C6BC295528,22.97,11.0,4.1
FE366F97C759972,52.44,106.0,4.3
A7A39F8E76F6EA3,37.69,69.0,
08EAEEA732215F5,6.45,10.0,4.8
5ECE959C280B16A,3.27,5.0,4.7
A49D1D7087B7CE5,50.82,,
58053E6AE559B63,53.35,,4.2
771071ABBFBDC80,47.9,8.0,3.7
59C2102DBB93B47,0.4,89.0,2.2
45E02012F8A6B59,0.4,34.0,4.8
6FF7D0B2B3468E0,84.27,24.0,4.5
D14448AA2A0A876,61.18,18.0,4.2
E876931743477E7,51.97,67.0,4.2
6A9E228E9E32F19,82.03,38.0,5.0
32A60195581D26E,24.06,2.0,4.4
D15732C7F0BB948,13.56,22.0,5.0
DE0B72460D77F71,63.76,21.0,4.4
E3CFFE7EB226D7E,0.4,49.0,5.0
71F48170035AB6F,0.4,23.0,3.7
36DEF31E5117913,66.0,16.0,3.3
D2B0809B0F8343D,40.48,32.0,3.7
E5A395EA5180CAD,31.3,,3.8
4F4CDFEB47C9E7F,60.58,106.0,5.0
59DCA84FBF4D596,6.26,12.0,4.7
79BE1F01596D84F,0.4,29.0,4.8
5E556F7DD6B7991,70.24,34.0,4.8
B639E4759A9A314,48.58,6.0,4.4
AC21EBF9FAA7091,61.34,33.0,4.1
76374E740E6C3FE,54.63,621.0,4.3
38F327F3B849F89,0.4,23.0,4.0
54C984243FF11E0,46.54,20.0,5.0
46E27E367751F37,63.9,21.0,2.1
6851978FBD767E9,64.21,12.0,5.0
B57CF73C8156890,3.69,19.0,5.0
23690A184253194,53.94,78.0,4.3
CD82C4E12F0DF44,10.1,44.0,4.2
58CBEFCAFD6DEF4,60.29,71.0,4.3
4DB6DAC8879ABBF,79.1,12.0,4.9
4811C34150DB082,10.21,8.0,
8FB0E77D57E910C,47.97,320.0,2.2
639833196FA73B7,14.37,108.0,3.3
426E90C36CB676E,43.24,13.0,3.7
4AC43AE6896488B,57.03,31.0,4.3
493E9CF96C67A1A,36.1,49.0,
4A426F6499A36E9,7.33,41.0,
0557B18B821FE7C,55.99,69.0,4.3
823F9187EF2BDDC,6.31,13.0,5.0
D56CCA2235E8B5B,13.46,37.0,5.0
F3829EC93F3F58B,9.34,3.0,3.0
7228F9737F2973F,3.53,17.0,
0A9FE76FFE4D631,34.06,36.0,3.0
9E96B669CF67DA6,25.75,8.0,4.9
EEBEB1474CFDB5A,7.77,23.0,
1D5E722F07FE054,2.35,26.0,4.0
4A56DDD16A3AB1E,3.45,24.0,3.7
F8F926478881692,66.39,13.0,3.4
CD4559C27363DD3,63.74,35.0,4.9
7460B6D8C35B405,38.44,23.0,4.1
45C5CF332528B8E,0.4,,4.1
C99C7397DCA2F1A,21.28,200.0,2.3
2FDD80304293012,0.4,,4.4
E1123A69266BA53,46.53,18.0,
A3F628DF0D295BD,44.52,71.0,4.1
0FEC4403E523B70,11.63,,5.0
332BAC221327F20,0.4,7.0,4.9
355D9B57CF07F0B,57.14,11.0,4.9
9D90DD8B759BF61,11.58,33.0,1.5
25BC745ED648D59,10.81,,5.0
9F51123627FAB7C,25.35,79.0,4.6
0297C04DB928DF1,33.67,13.0,5.0
BCD603C4468E83E,14.45,11.0,4.7
BE4979D28A4EE27,0.4,60.0,5.0
5399CF3F2DCD5B2,4.11,69.0,4.0
72FCDA0E2501A78,14.41,51.0,2.2
01305AF7E7334FF,46.7,36.0,4.6
693EEC0071CAC19,9.91,13.0,4.2
13139DC348A6B86,9.5,13.0,3.4
2F17C3D95154801,17.54,36.0,2.8
B659C730BB4E86C,39.28,32.0,4.8
F859AEDF40111BF,41.83,90.0,4.0
E3D6C610742DC4E,10.63,8.0,4.6
1D9CC30C218A93B,15.88,16.0,
E8BA3F96EA28C59,0.4,311.0,3.0
6C26407346B79D0,11.03,,3.7
91C8BB655AE51EE,70.19,35.0,3.9
B0775CC68EB602F,7.45,33.0,4.2
0EE9857F2191851,56.49,24.0,2.2
58FBDFFB25A8B98,71.33,42.0,2.9
065FCABDD0FB9EC,49.01,33.0,2.1
2AFBFB64EF7DAE6,6.81,26.0,4.0
362286801D72EA9,9.2,6.0,4.8
E681659F06FAE99,63.02,7.0,4.4
C1349D6F633E03F,28.47,13.0,3.2
2F0939EEC18AC4B,77.59,,4.4
3F59BC8028D7031,57.74,18.0,4.8
C38C8EB2D33AA71,9.24,23.0,4.1
D7962081DED716E,53.57,25.0,4.8
9BAA336B0EB7797,8.79,40.0,4.0
08CF8B207FADDB3,44.14,38.0,4.4
70997CA2B654F43,0.4,66.0,5.0
72F70F80138B305,15.73,6.0,4.1
044A76981E69949,37.14,28.0,
3A40F0EE0D67816,77.39,20.0,3.5
6C1B6EBC8AF9846,48.29,,3.0
AD1B73359F85849,52.8,62.0,5.0
3A66C56B2BAE0CE,25.49,17.0,4.5
79AC8F175DC382F,68.08,26.0,4.3
C9697F78B1CEE57,55.91,74.0,5.0
9A2C2B34C51CBB2,6.09,37.0,4.5
98E4CED9AD26F5C,16.1,29.0,5.0
F81F3AF30263416,83.41,10.0,3.9
E49BB8628E79082,48.08,22.0,
7CF5FECB818E7B3,69820.0,15.0,3.8
BD83C7493620218,42.53,60.0,5.0
B924697B247331E,0.4,2.0,5.0
B67266E7255CBF2,37.93,11.0,4.8
2DB5106DEBED9D0,57.12,82.0,
497E0D747024A83,21.62,27.0,
C072B559B17A67E,0.94,22.0,4.6
FBC8A36DB4E8DE2,10.06,161.0,2.2
472F79C61E248DB,2.65,14.0,4.1
171884E1EF4EB49,60.64,81.0,4.5
54BC43102E91447,32.26,82.0,
8932E846B0D9C2E,20.38,8.0,4.2
469D5B5A5B91724,3.54,45.0,5.0
84D91B7A6921F07,5.09,29.0,5.0
25EA322720FADF2,36.06,,3.9
ED4648C829FC36B,44.22,14.0,4.8
4CAAF1950E34C0F,0.4,10.0,4.1
A6C708E9DE70466,72.72,7.0,4.2
4298F77F08267AE,28.58,19.0,4.2
0F29A3DABE54C6F,8.22,19.0,3.1
23AA03B97A43D38,81.97,7.0,4.8
1BC7C873A885AD6,35.6,32.0,4.1
C4D385510673950,5.3,33.0,4.1
3AB47AF43486982,0.4,7.0,
27DCEE7B09B157D,59.77,10.0,5.0
8B923A15EE52C08,38.79,12.0,3.1
ABAE8CB8CAC5DAA,9.75,45.0,
430751EEE348EA9,0.4,26.0,4.5
DA7AE097B3C9C4B,8.78,128.0,2.6
5C08629DD258C35,87.74,3.0,4.6
BEB65CE5869F14F,0.82,14.0,4.8
1B6C44948CA63B9,60.82,11.0,4.4
18893444F24217F,55.82,7.0,1.6
A775F4BA4EC5E04,7.66,71.0,5.0
DE44F527CD6C262,29.0,4.0,2.8
4B8A339F5A21562,66.49,32.0,4.8
9132734EC22B4E1,1.59,17.0,5.0
FE44ED32F84A53E,74.29,12.0,4.4
D7D5F07EBB00F8A,0.4,47.0,3.5
D05C5977FB3FFCA,64.22,65.0,4.9
3B48BD0A5E2D92A,9.96,52.0,4.1
24A24488A939386,38.11,,4.0
639B782FE258C6F,20.03,3.0,1.8
7BBA8563E4ECFE9,42.44,32.0,4.7
FF02AD8AE5466DF,0.4,17.0,
2FC87D38EA1C625,58.22,,1.2
57D757FA5926518,8.08,41.0,4.6
38900CEB8568B69,69.54,18.0,4.9
632179C103BB840,14.56,8.0,4.4
C5BB83A040071C5,0.4,,
D1F7AFB406CE856,10.63,110.0,2.1
C8190511829F3E5,8.07,8.0,3.8
9234F7BADAB215D,17.01,13.0,
9D246280DF5A340,19.01,15.0,3.3
F91E5369184427A,8.07,4.0,2.9
04E5A3D338AF147,0.88,10.0,3.1
701F23BB68B5485,2.88,25.0,4.0
77847592111FF12,76.47,8.0,5.0
E87A7575D308696,0.4,66.0,5.0
1E189319AA934FE,0.4,,4.7
1A10C9DD109D5DA,19.44,17.0,
5265DDB57E29FB9,0.4,4.0,5.0
EE61419FF4204C2,67.15,,4.5
DD965EB730B6FDD,27.12,7.0,2.5
6B84D359F970437,0.4,25.0,4.1
A2B1D53E566A8EB,0.4,49.0,3.6
64C39EC75D268F8,43.45,17.0,4.1
344951E8A24C68B,53.91,9.0,4.1
49E2E0B38C79B2D,18.89,135.0,4.0
509ABAC86F88057,77.73,29.0,5.0
0D6A1CE57DF36C8,69.51,12.0,4.9
CA3FA23AB326DDD,50.39,5.0,5.0
438670FE80075CB,52.65,16.0,5.0
11C371BE1696826,2.36,17.0,
BF277A0C81352C2,56510.0,,2.5
239CEEFC47614AC,50.62,5.0,5.0
1B620FE16940A75,86.47,11.0,4.5
03CD4F3773B18CC,54.05,38.0,2.4
E138158F2B41817,7.47,13.0,4.6
DFA341D9EB0960E,12.88,177.0,
0A2C45DF0ECB110,96.11,1.0,5.0
F16E30E2FC34BA0,5.19,35.0,3.9
E23B50290FC76EC,5.9,126.0,
07882A36ADCE85F,55.38,49.0,5.0
82B99792C25BAC0,0.4,7.0,4.8
B62DEA9EBB0A61A,18.32,172.0,
AB37BF24D162C0B,53.37,,4.4
E39BC0CA74D80CE,39.96,,4.0
BFD7153FA48E3FF,94.66,6.0,2.9
BC1B8E1D87C9321,10.79,34.0,5.0
008DB1963B793EE,35.94,,4.6
CA63764F69AF66C,43.25,21.0,
80590B59C591397,14.99,19.0,5.0
999B189D72E53B5,64.85,86.0,3.7
C5F79A8DD913695,58.56,41.0,3.8
481A9B7AE12D3F4,66.64,31.0,5.0
D52C5BC4F7B4DE4,12.93,113.0,1.7
564DA82659D72E9,0.4,46.0,5.0
E70C74282EF58FA,111.18,11.0,3.9
8805CD7E2F164DC,47.92,62.0,4.6
99C07D6F6CDD32D,74.66,221.0,3.3
660F9E1D59A3F7A,96.31,17.0,3.1
A103AD976AB9CB6,71.36,51.0,5.0
33865259845E757,72.23,13.0,5.0
1C0A3349A31EE1A,28.09,22.0,3.5
43337830634B8FB,39.97,110.0,3.1
8145D66EF03682D,0.74,13.0,4.2
E5A05618782484F,20.91,252.0,4.9
3260EFBB4300A05,71.69,26.0,3.9
D27C7A6E3087611,7.65,71.0,5.0
5E797516016B891,10.61,142.0,4.4
B5AFCA6C484D35C,11.0,8.0,
E6CB6079ED5CAE8,43.12,13.0,3.4
A0550FB6C82A10F,58.15,92.0,
00A7C83BBEA42C5,19.2,,
9518F9DCA183BBA,40.01,15.0,
D598CAE9494D33D,62.06,82.0,3.3
AA1452D3E922E0A,51.56,139.0,3.9
8387A89198C8F02,46.15,16.0,5.0
0871BBC840BB7E5,15.29,36.0,
F28789F48087E68,25.72,13.0,4.7
A733DBED246EE5E,40.95,31.0,4.1
3D11569A9E4D6C0,13.81,97.0,4.0
FF725ADE32081BF,46.33,154.0,4.7
F2EA4496F564C5A,5.97,150.0,2.6
B1D26E788A1316E,43.75,34.0,4.8
A4A8FE882B9C4DB,72.14,16.0,4.5
4CB16E74C20636C,67.79,34.0,5.0
AA8DA47A8506DC3,50.09,114.0,4.3
80EF15A8407C728,94.81,8.0,5.0
EEA7F658CE9E7F6,11.79,54.0,4.4
BAAAFB90DC578C6,73.63,63.0,4.4
2FFE3EA55CAFF53,66.66,29.0,4.7
E48895D157FCCFF,21.41,15.0,3.7
1D6B49168DAB9A3,1.41,62.0,4.2
E81E5DB495B8E25,91.93,12.0,
A15B9AF2DC49CF0,15.85,39.0,4.7
F9B95C9BBF88F86,37.63,28.0,4.8
01619A0864D551A,0.7,59.0,3.8
6CF1E71BB3FDF49,40.05,53.0,3.3
3AA4C9E9C18202A,5.74,36.0,5.0
290054E3D9844BC,0.4,18.0,4.5
087C5B912F7BB72,29.5,46.0,4.3
ADD9773AE4BDCD3,51.02,29.0,4.7
7BE23B56E5DFE46,0.4,45.0,5.0
1BF8296EC55093E,63.32,57.0,4.4
9842BFE4836CC95,79.8,10.0,5.0
4A331A405A3BE62,8.7,3.0,4.3
8DFAD22395FE61B,78.17,,5.0
8279999B4E76297,50.78,,4.4
BAC3A0EEEA077AD,0.4,6.0,4.4
C7213F7DFB6FA39,3.08,28.0,5.0
2985C85DB275D86,25.75,106.0,4.6
FB82E9E88B58356,46.6,40.0,3.1
087EF9ED22C521A,69.16,69.0,4.1
1B883784A76AED8,8.08,14.0,4.5
9DD052FA8B91209,62.89,77.0,3.5
CDFE85ACC262CE9,41860.0,162.0,3.7
9B3256741F649AA,23.4,40.0,4.3
1652AD3B7828D53,4.51,168.0,5.0
CCBE7C0AA6FA55A,36.84,81.0,4.4
0289C86AD9A7128,1.16,8.0,4.6
1C8C03296D6839C,41.19,69.0,4.6
037830FA789008D,0.91,40.0,
CD37851C4D64B3E,1.41,19.0,
9B330A959E461C8,40.67,39.0,5.0
B2CE915ABF37F98,58.54,35.0,4.2
2C08013403F213D,57.82,10.0,5.0
D0C9390D58EC921,57.77,15.0,4.2
8C0DA186F9F545A,14.47,38.0,
07718432B8345E9,22.02,60.0,5.0
22EFAAA9C31B487,38.69,62.0,4.6
034EC6541DDE623,10.95,22.0,
B4283564F560BA6,45.47,47.0,4.0
1B8168CCDA9698C,0.4,104.0,4.0
08A254942FFC390,57.14,29.0,3.9
0B5880E278AE07A,5.81,28.0,
C84548AAECE4792,4.07,6.0,4.5
36FDF973A8CD42F,46.32,33.0,4.7
A73C9D2A924C9B0,85.88,122.0,
CACE351AB00BEC7,36.54,8.0,5.0
A7238629508F0C6,18.26,10.0,
1F902CB62DA60CA,7.28,21.0,
42C1FF1DC462306,4.06,19.0,3.1
C8360151074875F,68.71,22.0,2.7
E7AD6D39C2F3A17,5.55,8.0,4.1
55A22EB03B00835,35.03,24.0,5.0
DAFA57F82A7F1FF,65.36,82.0,4.0
941FE67570840BE,57.06,19.0,
111B4ADBF80AA47,9.1,,3.9
506AA7B24A01D1D,4.92,56.0,1.4
11A141621E4F986,27.53,156.0,4.0
97C80950DAF82CC,71.87,26.0,3.9
9D185DF32DCBBF3,65.26,,4.3
6FDB02705C8ED8E,63.28,28.0,4.5
D7424C806AD0373,43.01,8.0,5.0
9D885FEA9F366B3,1.2,47.0,4.7
2026748B04DE091,54.32,9.0,4.7
78953042D522BDA,6.28,6.0,5.0
C2F4CC45CD8F372,50.31,18.0,
30331DAD6CA7675,56.85,14.0,3.7
260335588F52937,3.58,26.0,4.2
8CFA44A8EBEF429,16.96,,4.9
DCBBFE0A78BBB72,6.22,15.0,4.2
D178F995055E87A,71.2,34.0,5.0
E864A0AED8E8EE3,6.45,,3.9
0569C7DA732BA28,55.28,42.0,3.9
8F1773B28C9DB2C,20.91,,4.7
F0533761ABA8E9A,21.4,,5.0
CC44ADEFD03055A,52.16,,5.0
674A2C5314949C0,32.65,25.0,4.2
7D7508674838272,47.42,23.0,4.5
74E126DFABE21A0,41.55,62.0,2.6
E73E950D99DDB2B,63.32,18.0,2.4
B2363F08BA7E755,67.08,10.0,4.6
461065FEE482089,0.4,,3.7
B527AD447DF042D,48.49,148.0,3.2
8232E422202CFBD,63.16,13.0,4.5
19DAB95B08C1481,18.11,72.0,4.5
11AB44B0700608A,2.68,7.0,5.0
F3B6C6EB073DE5E,91.04,19.0,
50F7CECAEB14BD1,22.95,20.0,4.4
A813DABDA192D89,4.08,31.0,
AA3CC31E8E69662,11.43,13.0,4.1
9E420B6A7632EF9,16.78,26.0,3.2
66A5CF7E576FFCC,31.6,75.0,3.9
7D17D39D0309F7D,58.01,12.0,4.0
0E6563B79D6669D,0.4,34.0,3.9
54C71129D15B559,77.08,80.0,5.0
4E6B89CD1AAE811,17.97,23.0,4.4
2734A4E7C2B3394,32.76,9.0,5.0
0E091110CDB9D09,7.28,10.0,4.2
52DEF767A42139F,107.44,15.0,3.9
9EEE12F1F246EDC,11.5,18.0,4.7
5EF6DA60E913BAC,44.55,106.0,
D24568E16D34FB4,48.6,41.0,4.8
DD01F66F6F569F7,79.07,17.0,5.0
E93F1DF5BD1B480,38.42,23.0,5.0
17C596DBED05603,66.77,45.0,3.5
1501AE61E41A493,16.69,32.0,4.6
2B504FDE9F2DABB,52.86,70.0,3.8
C4184C71136B949,51.44,14.0,4.4
9B7D58C484400F9,0.4,80.0,4.8
AD342702ADF32B7,31.76,42.0,4.1
440C7C6A67E58A7,11.93,7.0,2.6
99BD1AC7D9EA7A5,17.37,100.0,5.0
F632FE1407CCC59,24.35,36.0,
F5CDD274D7966C5,14.15,23.0,4.8
8AB9B34A48331D4,43.23,,3.7
AE5E6C583345F7E,14.26,4.0,4.8
8E237713BB32CCD,42.55,15.0,5.0
B562928B008B7E2,7.44,19.0,3.3
716A0D86415BCF4,46.3,,4.4
BE38D7FAE7B1808,5.79,28.0,3.9
6B7ECB76B399E48,0.4,19.0,4.6
1C70D423E6BE4F4,50.15,22.0,2.0
D2AC76E4718F743,54.54,88.0,4.5
325284AEA13488B,105.37,6.0,3.9
B3BE906BC1DC54E,54.6,9.0,4.7
7E3067497E94128,13.91,34.0,3.4
07729E1162921D7,100.64,54.0,3.2
ABFCE3F5E862DCE,12.63,3.0,3.5
CF861A8281E49C0,59.28,39.0,4.7
A839AF40CEDE8EA,12.21,13.0,5.0
AE6B10DFE2D81A6,8.73,23.0,4.6
212BF670B24C585,4.71,11.0,4.2
7CCD4AC23260212,9.31,5.0,5.0
D5CEE9D81E28186,8.59,119.0,4.6
FE32DD20D85169A,20.26,,
DE838C91B14CF8B,1.37,22.0,4.1
A97E8015756AB2E,0.4,5.0,4.9
BF9ACCC17096222,46.1,25.0,5.0
8662BB2C7F6416C,0.4,18.0,4.1
835B11DD79AD535,91.53,81.0,4.7
808E7FBABC5940D,11.84,22.0,
0904051C829890D,9.54,,3.8
F0FF94A94FCC061,13.02,9.0,4.0
4210C5D94CFE75D,73.97,31.0,5.0
80C73B609161230,10.32,43.0,4.8
E7F8E68E05673EB,0.4,72.0,3.2
4B12480A11DAEE3,12.74,70.0,5.0
AB66E4D8650A146,42.3,15.0,4.4
8C41CC0A02D8D63,9.95,9.0,3.5
5460571E9716A1E,7.3,36.0,
7FECE10799ED602,11.12,7.0,
45AB576591A765D,19.93,24.0,3.2
AF51D2DA47AFD4F,18.66,50.0,3.2
A3713C5F7D3A214,57.15,99.0,4.1
CFD90566E0A2818,12.11,33.0,3.8
0356E1677C90890,4.44,,4.4
83C4C0E09C5D662,0.4,176.0,4.4
42C2D3756570F2A,65.15,1.0,
F8B2ADA46B7D4C9,50.49,6.0,4.8
34BAF3B7CD0FD26,81.54,104.0,
7D8676B58C23093,84.08,4.0,
743668A1924DBE2,5.57,36.0,4.9
45C9C8F0A8D69B8,23.3,10.0,3.9
9AEC63481FD22F1,12.47,89.0,4.9
5D58E7E1AED20BB,12.23,25.0,5.0
AF275A95C1C5594,21.12,8.0,3.0
78BE7E3E62D2B8E,42.85,13.0,5.0
5EBB83E4CE0CF28,64.84,17.0,
5EF0588453061AF,3.3,59.0,3.9
2FB5A772B9FC283,6.39,47.0,4.3
CBC137873CC3983,33.18,268.0,3.8
F91CF7B77370D5D,0.4,10.0,5.0
463688BC2A26DF6,0.4,29.0,4.8
F5A3817B3942E5C,12.68,,4.8
3B83144A222D2E2,83.97,15.0,4.5
0210983D08CAF34,7.04,78.0,3.5
AB42915FD3860F7,4.16,23.0,5.0
8F3CAA6D13E7851,46.48,11.0,4.6
07DEC2A0BA86CCE,5.95,101.0,2.2
64888DA5372A3E2,7.02,92.0,4.8
C2E21C8FFB94231,58.67,15.0,4.8
1B222A3C3FE6D31,39.91,66.0,5.0
2FF425D95642E14,76.09,,4.0
ED8372F18549099,40.39,154.0,4.0
0FD221A9ED5220C,0.4,3.0,4.3
C51347345B47496,58.97,75.0,4.7
14B8E3AEFADFDDB,11.77,17.0,3.9
4393EFA0761EB1E,26.76,62.0,4.1
8B3F31E89A517F7,10.78,59.0,5.0
CCA5D14FC66A732,58.86,87.0,4.0
3BA1884DAAFF5A0,3.03,6.0,3.9
2F44C11EA56EDAE,0.4,11.0,3.9
11BE13740A49299,13.53,19.0,4.8
B70BAEA5AB4FD30,24.57,30.0,4.1
7CD81C3FEF2CFDF,41.9,108.0,5.0
0E823FB78A21A45,37.7,26.0,4.5
84C511EED3310E4,0.4,12.0,
BDCE460F92F90AE,61.68,100.0,
3636780CD821E07,61.67,56.0,
2B40A17D51EE959,5.97,13.0,3.8
AFDD6551EC7DA2D,47.3,,4.6
DC38A619DE86724,9.45,36.0,5.0
69DBE071BD896B1,58.68,,5.0
98B699131C77ABD,55.27,24.0,4.1
16605A556F37EA0,50.75,35.0,3.9
D1713F60B43375B,57.71,22.0,
E3AB1FA76C02D83,1.83,22.0,4.5
EDE207A1D9E4D66,11.98,,4.3
42B4F1598E39D5A,32.54,9.0,3.0
AB8593002885F2C,73.58,142.0,1.6
86D875876391E9F,51.77,9.0,3.7
1164A07CB6E5D1D,75.52,18.0,
D5FA5077EF39241,67.71,45.0,
F3AC440F5CDCD58,33.55,33.0,4.4
795ED90782955D0,31.59,16.0,2.7
3D69D1E47C64F91,71.17,12.0,3.8
FF7349C4B3984B9,18.32,75.0,
35D5A346F4F6343,45.02,45.0,3.9
4706739BCEC0CA0,40.89,16.0,3.3
D1D202778E24A1F,23.44,15.0,2.9
55EE68559911180,0.4,35.0,5.0
B83388FBDBB1134,41.69,204.0,4.1
6C7B14EC60AB597,0.4,9.0,3.2
54450A2C5C0E079,41.09,36.0,4.6
5ECA64EA9949226,6.45,64.0,4.8
0BE886CBF49DD91,74.64,,5.0
0504DBFBDF2F2AF,6.4,14.0,5.0
F09F5513077BC85,8.13,,2.5
691B9746FF16FD7,67.85,21.0,2.8
49210C9F5648EE5,53.2,24.0,5.0
15D73AC7401DD68,43.66,26.0,5.0
77B10A3FCFB9E5A,52.73,43.0,5.0
1C0C69DB3160992,36.43,35.0,5.0
425A16431CC3782,1.05,68.0,4.0
5287E5719030C2E,13.6,118.0,
BB5930673D9AD28,10.82,38.0,3.7
E4D13DCCC9DC9EE,82.5,13.0,4.1
43936ABC7F2AFD0,43.37,7.0,4.7
B9EDAEEF9A2915A,73.13,188.0,4.6
232D10A6BF5C25F,11.93,,2.3
7769C2EEE8F4693,5.04,35.0,5.0
5DF6656D0E7D554,9.35,30.0,4.9
88BFF603D5835FA,62.95,13.0,4.8
CB68A58F823D1B9,33.32,17.0,4.7
786B798AE90A868,61.16,69.0,3.2
3385AC4CA179A1D,49.74,25.0,2.7
A9C6F4D022EA771,2.29,127.0,1.7
5AEBA0B052F222E,50.75,9.0,4.9
D4E59B2387A82C1,56.98,15.0,
ECA1FB9BFD021D7,13.25,4.0,5.0
827C134378202F8,8.64,8.0,5.0
58E7667A6932637,0.4,24.0,
932A79A9B258C0C,45.29,13.0,4.6
319F48AE8C03767,81.56,9.0,
B4FF480E1A24946,12.92,27.0,4.1
DE91C1F863BE6E9,29.69,38.0,3.5
9914E5DCD46FCE0,7.45,17.0,5.0
0027A0CFBA4EC67,44.85,44.0,3.8
6515289F58C1EC1,87.12,13.0,5.0
9639AABBD3124EC,10.33,4.0,5.0
3331B1307216D9C,6.56,21.0,4.7
88B156E0B44B273,76.0,9.0,4.6
107BDD455884F86,60.09,22.0,4.8
D887AB036E912E5,4.06,,4.4
256A0F4F5DA4A19,54.84,6.0,
16E4546C3DC05C4,70.41,65.0,4.5
09C72982D77A376,0.4,32.0,4.6
72F0895D04B6CD2,0.4,48.0,4.5
4A262B321790B61,12.04,4.0,4.9
DFD07895B8B00E2,7.18,23.0,5.0
4F358E83D115E89,74.04,173.0,4.3
DC9AA1250C86239,51.83,43.0,3.9
93493B15E33B238,36.1,43.0,5.0
972DBAAB6FFB0D3,75.89,7.0,
0202DB3EFD7ABC0,25.82,24.0,5.0
97B5E6814B84FF8,3.8,95.0,
8A09DFC904C3764,4.6,119.0,2.9
3ED88AE187F453A,2.42,36.0,4.4
715958A93B2EF4B,12.72,35.0,4.5
46839C52AAF95A1,60.25,2.0,4.9
272F312D97981F2,18.32,47.0,3.4
9194BF1DD7CE956,37.72,190.0,3.9
AC493BD4F0F66EA,9.05,20.0,5.0
42AE34545763F31,8.44,36.0,3.9
DEDCB9140FA4527,55.7,11.0,4.1
1F34CE44EE9CDE2,78.96,12.0,4.4
40DE986387ACDA0,5.11,78.0,4.2
580CA31402AD1BD,7.69,6.0,4.7
8D0B4DEBEA784AD,7.43,97.0,5.0
E152FB04EC5EBF2,0.4,85.0,5.0
C3EFAB782EE8997,24.88,14.0,3.4
06A535A5CCE6E0D,0.4,14.0,
5D3256ABD0A9643,56.9,30.0,4.3
E49FDAC03DA2F1D,28.04,105.0,4.5
033D2B6A37D41F4,12.1,67.0,5.0
65D634DED07E8EB,5.88,20.0,4.2
8C678AEFCF63C6D,0.4,4.0,5.0
CBDAED15ED7A49B,56.18,67.0,5.0
A880E82EEEF4562,24.57,44.0,4.2
A6D2BC021FE25F8,36.86,115.0,4.3
97980BDDADF8690,52.58,98.0,3.9
023DF7105C1B4D0,51.31,151.0,3.4
47B56496E1FDC3F,6.34,16.0,
6F3D7F069634EA4,60.55,22.0,4.1
5EC65DD5D4C13AF,17.3,23.0,2.2
998F4CFC8FE8559,27.67,64.0,
A3FEFF9DE49E9B8,20.33,31.0,4.5
1CB12DBBED6BC4A,59.64,33.0,4.7
9302D421E43157D,1.27,66.0,3.4
1EADC9CE3D8B20C,61.75,55.0,4.8
DB352CC265A18E0,9.26,51.0,3.9
B3A458C39CD5FBB,22.37,31.0,3.4
65CFEEE2A427897,22.47,35.0,1.9
4A5C56968933D76,76.47,19.0,2.8
47192ED540B8B59,64.67,140.0,5.0
C075AD4CBDD5DEE,15.88,11.0,3.3
09915B52909B46A,26.63,22.0,
65F0394E606190E,6.96,2.0,5.0
4F7FF20DA45CC86,18.08,86.0,5.0
1AA42DCA82CE7BF,64.98,74.0,3.9
7C3A38551C866BA,66.07,145.0,5.0
8E151C9AFCA5D41,42.36,21.0,5.0
4BAD4BD3C19F7DF,17.55,35.0,4.3
8285A78FEE0CC67,50.38,7.0,3.7
CFA5FA52D898CE1,71.09,34.0,3.6
292B3E5F4FEE390,43.03,11.0,4.4
74694303EFE3B26,17.56,16.0,4.1
6BBB44D4D9E8E0A,58.21,3.0,2.9
A386E7094382AE5,0.4,70.0,3.9
F4D9628072B57A7,70.21,13.0,4.1
56641BB61A5C9B0,0.4,25.0,
434EA5386FA8319,10.88,18.0,4.9
4AD7B648112BE13,13.69,39.0,4.0
5E266473A105239,6.52,69.0,3.9
E21D5FEF44392B2,12.07,94.0,4.6
C67089DC37ADC25,11.0,37.0,4.2
E738C5288E005BB,27.35,25.0,5.0
432DC0F922E3384,12.83,72.0,4.6
DCB4B46135A7F07,39230.0,13.0,5.0
5E81CB12C79E229,18.52,259.0,5.0
3C74058BF64828D,4.68,40.0,4.6
71DCAE75F85B162,42.76,29.0,4.8
654393A84A77706,71.34,29.0,4.7
1BA3FDB73ECD421,41.34,25.0,3.0
EC328B13B92D31D,71.94,9.0,
C0B6B5D2ED235A4,51.37,14.0,4.8
F74591FC3AA42D0,61.51,9.0,4.1
DCD7CD88A67A0F1,54.65,70.0,4.3
1F90BF681FA2647,33.66,,4.0
1A86B12C512B26D,51.33,50.0,4.6
312618EA4921B50,67.01,30.0,3.4
FC3CBB162D63828,6.49,38.0,4.4
20C5D9A48CDCF2A,0.4,61.0,3.0
15F296B2228BBC5,83.01,57.0,4.4
BCFB2C5E6258BAE,83.1,437.0,4.1
0C6AB4A5255CE8D,45.5,22.0,4.1
0AB8748BDEF8398,55.2,48.0,5.0
71FBCB3ED21E0BB,0.64,36.0,4.3
D0BE9F615364E81,71.46,65.0,4.3
F48C1C1D8DA68DB,0.4,11.0,4.7
2232FA459782633,38.04,14.0,
E77ECA0E37DC5A7,0.4,,4.2
FFB4562DA1C1FFD,13.09,22.0,1.7
4E1320F21D50C54,80.47,,4.6
58BF808C18750F4,33.85,37.0,3.9
0E192C08296B9EE,11.18,45.0,4.3
130D0045DE5AA00,78.23,16.0,3.8
8525FC3E48A4033,39.97,4.0,5.0
DBCC56396D5B089,28.89,303.0,4.3
3F67CCD503351AD,8.63,33.0,4.7
C0691E2A3144D62,36.48,19.0,3.2
C250CDB1828E353,18.13,14.0,5.0
38FF892E4C42756,0.4,32.0,4.7
2AF7CEEF7445F77,1.2,9.0,4.6
597F8707621A729,47.69,21.0,4.9
324953215BFBD50,2.78,54.0,4.2
CE17A1985651234,12.08,28.0,4.0
4F8B76C3C4787E9,41.85,36.0,3.2
D406AEEE497A8AB,68.39,14.0,4.9
D7ECDFDEDB60E7A,9.14,40.0,5.0
00E97EAD89E2FC7,4.7,6.0,5.0
2AD1EB77BEFFF51,4.56,54.0,5.0
480A541FB78092E,41.28,,3.4
B4FEB98E44C4D80,60.73,21.0,5.0
660DFF69F6FBE17,24.58,83.0,5.0
7EA54EEBABCFCCE,22.68,30.0,4.7
32AE88262A20016,7.79,40.0,
37A42DC3979038D,13.38,16.0,2.1
8394B4BC07D8975,26.4,31.0,3.9
503DFA3ECCE9105,3.29,144.0,3.7
459F13D786C3F2D,10.64,57.0,3.5
FE0C7C3F27F8647,11.19,8.0,4.7
B0A70BE702446A6,51.54,39.0,4.6
0CBDC20977C50E1,50.58,119.0,3.4
C9348A6110A588A,12.45,86.0,3.9
B7EB529E292D813,53.48,39.0,5.0
9CA5B09FFC76FF5,0.4,59.0,3.8
A357545C8176F1B,16.41,2.0,
2B0798CC0B97B6B,0.4,30.0,4.9
0A07224EB547984,19.39,75.0,3.2
6E1F19ABF46BF0C,97.96,20.0,4.2
3E9FB702EC0691A,4.92,26.0,4.5
1108AE55DB81F55,58.29,48.0,5.0
79A35B4D0B26B0E,0.4,,3.1
B36B6B8FCB3F813,58.43,34.0,3.7
65F44FC81E8971B,55.57,128.0,4.3
9975B7383506D64,66.6,84.0,2.3
81F15F60AAF89FF,7.61,122.0,2.7
B2A5A5DC89224AC,46.95,13.0,4.7
C403A0F9C6500A3,0.4,68.0,
1F2E3E3E6617BDB,50.78,10.0,5.0
214725B1AC92214,82.31,40.0,4.1
0F7ECFB30A965BD,0.58,17.0,4.1
66A1342D956BF8C,3.8,52.0,4.6
17E0AF443842CDC,51.37,68.0,
E2D9F43E577564C,64.06,33.0,2.7
F0C6B7221B3E828,29.76,46.0,2.7
24F00042FD82919,61.28,83.0,4.4
B5499C9FF771A29,55.96,124.0,5.0
A9CFAA6D6A2DDC1,60.07,20.0,4.5
A65191E26F20811,15.95,15.0,4.5
49F6C3F22E6602F,46.14,12.0,4.7
25151EEDAFDBF72,26.04,62.0,4.0
37FC925E3BF1045,63.21,102.0,4.6
76192D540DAB559,7.84,6.0,4.7
611EBF739D1024D,0.4,7.0,3.3
EB00FC4388590F7,3.09,58.0,4.1
CC419F98152C598,87510.0,151.0,4.6
1E0392DF1B5E4B9,55.36,7.0,4.2
811F6A94ED74E2D,56.32,24.0,5.0
0AD89E06F4237DE,41.02,47.0,4.4
CEFE52E1E627C7A,15.66,15.0,4.5
E9FF29F50FC9F06,5.8,26.0,4.8
8A566E26F79F911,4.53,34.0,4.6
88786E15B78892C,52.68,9.0,4.7
4A7B96741B86179,59.0,12.0,4.2
53A1945932E6FEE,58.1,670.0,5.0
E478A076BB1149A,10.04,,3.0
B99FAA645C1FCF1,6.2,37.0,4.3
0E62155F47C91D8,44.91,62.0,
909E85C3576FD5A,51.86,25.0,1.5
5EDE4B4348EBBE1,67.67,164.0,4.3
A1962366432D677,35.48,81.0,4.5
56986E1073E71EA,42.02,7.0,4.4
4A85D8028D49756,2.86,63.0,4.6
6ABEBD97D398835,49.06,186.0,4.5
E703BA29A89FC0B,1.99,100.0,3.7
3E5435461D59AA4,7.89,72.0,4.6
B7F6AA5541E5073,11.28,6.0,4.5
B01AA51C33983A8,70.94,26.0,4.0
F096C4F793101F2,6.62,61.0,4.0
461B4CB71CF3A15,9.7,73.0,4.4
3B9936B15CB2297,10.53,25.0,2.6
BDDD6FB6C15CEFA,31.04,50.0,3.4
52E03EFA75942FC,44.89,36.0,4.4
B14B53F079E500C,0.4,34.0,4.8
096DE99428403AC,62.33,76.0,3.8
A482023185A695A,11.9,11.0,4.8
4613B3B96716758,7.68,117.0,4.2
E4B235208E2D07C,0.4,69.0,3.9
DB2CCB3D8BF932E,27.8,8.0,
ABE13ACF0ED8982,52.0,40.0,4.6
C7A4C6DE6F87A13,41.5,9.0,
FE5F5B074957A6D,0.4,12.0,4.1
05976E8530BD014,14.95,,
9C1E4174CC71173,90.08,129.0,4.5
5F9EC70F9DDDB62,14.38,27.0,5.0
7472B3F5440CF20,27.4,53.0,5.0
D2C37AAFD4AB4DE,44.86,27.0,3.0
4A8ACFA717490D8,34.14,15.0,4.5
7C796425E25A84E,50.69,63.0,4.3
55F562B1C5F9B61,16.07,16.0,4.9
D60C6EB88BFD70D,1.85,239.0,2.8
94AFAF7039A33C8,14.25,25.0,4.3
E014CC105A6C6B5,61.79,90.0,2.6
4C49A560545B0D8,37.53,28.0,3.7
5464D5DB4085EA1,83.52,36.0,5.0
68F95EE77364121,54.89,44.0,4.3
2CBA5CCAB29C313,57.99,28.0,
EF73FBAF0273BC0,4.06,3.0,2.0
B10806E71383AA1,68.92,128.0,4.9
F819542127B9CFD,57.76,50.0,4.2
6775769BC475173,106.4,43.0,5.0
93BE4BF4C4DFBE9,68.96,140.0,4.9
06B9F44593A311A,60.66,6.0,3.6
07F772257A87FB8,56.54,185.0,4.8
59959A427710EB1,1.98,,4.3
E4FACECFDD323F6,56.91,6.0,5.0
680144734E6684D,20.14,23.0,
0A8738508FA57F9,34.91,7.0,5.0
207B8ACBA2620E3,25.17,97.0,
1A4C9DE72197B34,53.45,53.0,4.1
28A66C2559FE991,13.34,4.0,4.8
E7E4D3CA62E87F2,60.96,11.0,3.7
52B2A52E29E5AEA,74.84,58.0,4.3
3423DBF28FE93FF,0.4,54.0,4.6
3040EDBEB88BEA0,4.74,,4.8
453E45A578082BF,11.63,80.0,3.5
FCE1DDDCD24ECE4,18.05,59.0,4.7
3D98BDE35ECB6EF,35.72,11.0,4.3
0347FC2FC7747FC,3.93,10.0,4.6
C13C5DF904023D0,4.5,41.0,4.8
8F70B690AF948DD,19.25,10.0,4.7
98A92271D2F61DA,26.83,30.0,5.0
5E8D9E63DF432B5,37.8,23.0,4.7
A3354A202425E3E,22.4,63.0,
8F0ED0F9CC4C7FA,13.96,20.0,4.8
0882BC38413700C,0.4,57.0,4.6
43908B886A16088,9.49,70.0,4.1
56CBB58CF7403FF,46.36,18.0,4.8
DCDCD8ED47868C0,31.64,46.0,4.5
15AF6ACCB52DC10,40.43,83.0,4.0
DE2221851D00078,0.4,29.0,4.7
4931B58B3B4EFEB,14.31,27.0,
77098EDADC85A7A,0.4,7.0,2.9
D062E5A181EA7C9,1.81,,4.4
A01DF0311BDBC0F,48.76,24.0,
661858CC35E0AEC,0.4,,5.0
D71C7F0C652F3F6,43.96,40.0,
F3B3D94CF83425C,8.79,52.0,3.6
665409457219D4E,0.4,16.0,4.6
24F6FDA1CB16CAE,1.9,20.0,4.9
26800DB84F9F012,54.74,2.0,4.0
8777D03974F98F4,33.98,19.0,5.0
1FD4256A389103D,9.95,164.0,
14773D705E4F6E4,10.34,45.0,2.9
D3914006D2CFB1F,67.23,444.0,4.4
E487C97EA38BCCB,31.04,21.0,5.0
E3AD7845ED9BFDB,50.18,18.0,4.1
E8443094702CA6D,6.57,4.0,5.0
42740B0B9F4A7F3,0.88,35.0,4.4
FCCD9907E929C0F,30.15,31.0,3.7
27AB801294D725F,2.61,38.0,4.4
6747C892D2ED9F0,15.8,26.0,3.5
FA563709A3AECB8,36.76,27.0,4.3
A7BAD9D8F5FA59B,2.64,23.0,5.0
DEE4D6B68ACC012,69.28,20.0,3.7
0E1166324042848,4.51,,3.8
306FAC356D511AD,6980.0,6.0,5.0
C4A97C69E317602,12.88,177.0,
B1B3ECFAF0C5D56,83.58,19.0,4.1
EF83C9EAE5FA0FD,3.84,21.0,4.2
23E8816E4C3A211,26.41,22.0,4.7
A8F891709F9238D,5.65,30.0,3.7
770A875316D49D6,46.81,15.0,4.5
87001539ED5C1E6,2.75,129.0,4.5
114C720074FAEA9,12.16,32.0,
36A192EE6E7E343,10.44,4.0,2.3
DCFF74416D47D31,53.32,17.0,5.0
9073F0ABC3FD66D,17.75,28.0,4.0
F1F2EAE64418254,17.96,18.0,4.1
8566098371CD10F,55.64,5.0,5.0
EB2918EB1326D45,48.89,21.0,3.8
814536E842EC893,1.37,12.0,5.0
887511CC989C79B,3.07,13.0,5.0
FE8A19FC95D568B,53.66,37.0,4.0
F9F9A2805D8BE8C,17.15,,4.9
73110460B8C349C,0.4,9.0,
4E24458F2F55CAC,46.62,61.0,4.9
62EB37561A08EB0,66.62,103.0,3.4
84E3EE476827E77,0.4,76.0,4.6
E3CE7AD03E61A07,7.58,121.0,4.2
B1AF70A88D9FC54,65.0,21.0,
75A2500937DA7AF,0.4,28.0,4.8
EE06834DA433E76,66.94,9.0,5.0
91E533AD180A339,56.19,12.0,5.0
D634D5CAF7C4DCC,7.92,13.0,4.7
EFC557A12B06D1E,58.17,52.0,4.7
8794D0AA617435C,33.85,113.0,3.6
4996C8C40902BDF,2750.0,17.0,4.0
AD1088157244670,0.4,36.0,5.0
2CBFE01CC4AAD97,46.28,7.0,4.7
D7DC3B6E48B2D27,0.4,31.0,5.0
217E8884A1523C2,79.3,12.0,3.3
FB41CDEF9BFC6C2,10.02,36.0,3.8
1332A385C09B611,0.4,5.0,
D8AD93E2B445F4F,21.7,19.0,2.0
998B4CD4C6D5D9B,62.56,9.0,4.6
6AD2C6BF12A7B5E,11.92,123.0,
27CAEC04E86105F,35.81,50.0,4.1
25E54985659BA63,38.93,20.0,5.0
BF7A55E85B9A2DE,58.54,40.0,4.6
E8D06912F7C4160,13.48,101.0,4.6
2B15E8F2C3A6B81,0.4,14.0,4.4
82187159A72C08A,5.38,10.0,5.0
420D9E25B947C29,9.5,15.0,4.2
DE4530953873B5C,24.72,76.0,4.9
66075D114A2BB1E,31.78,185.0,3.9
E8B3E12FA12CB5A,0.4,24.0,3.5
0670BA3EACC36B3,61.33,45.0,4.5
D669E21C350045F,18.25,10.0,3.8
CBE8505372AABCD,97.41,66.0,5.0
606A4685BC8E09B,84.86,17.0,4.4
E4653FF9650AABE,11.58,85.0,3.1
E6D21B663EA5604,78.74,60.0,4.6
5D7D7E0DA62F2B5,2.79,34.0,5.0
B502694AA80BFEF,68.2,28.0,5.0
484EAB1D719141D,28.61,41.0,4.0
4693ADC8EE60A24,1.91,35.0,4.4
011D5FD310604E0,30.57,21.0,4.9
8C13DB61368AC34,21.7,44.0,4.6
3915E1219D122C4,81.89,42.0,4.4
0472B0BA4DA58D2,0.4,17.0,4.7
4D5C117EB32EC99,53.5,22.0,
6C4A05A2B6C4F6D,0.4,25.0,5.0
4BCD38B8621381E,12.07,18.0,4.3
09A45F63F59E7FD,84.24,37.0,5.0
C2C9EBB502895CE,18.81,6.0,
18223E20E864707,38.95,8.0,3.2
D1EB3250098434A,63.76,26.0,5.0
6665D7F6A90E5DA,2.81,42.0,4.0
C91E54F91B4CCE0,43.48,9.0,3.2
46123CE588C5117,60.56,19.0,3.5
7D489D659944757,85.48,11.0,3.0
18DE453F49FE46D,0.44,337.0,5.0
208E28756ACD1F5,68.11,11.0,3.8
FBC318AFC0FD8D2,41.69,58.0,4.5
0CE1B30DA346529,79.4,10.0,2.9
CC3CB20C0F038F4,68.06,89.0,4.6
9220A289FCB1C45,37.31,18.0,4.6
627D19E36842D1B,14.74,127.0,1.9
03F34B9576D91FA,25.74,56.0,2.6
E8F27BF4EE01653,74.0,14.0,4.4
529C91D261EE804,17.81,9.0,3.3
072471B3006530E,51.92,39.0,4.8
EF8EF6CF913A416,67.53,26.0,4.7
2E917805D2AA9C1,20.63,181.0,3.7
74DF5D0787C7DC4,5.92,10.0,4.7
0319DA7B5696F8E,28.3,49.0,4.3
8C81B95D1728E6A,69.03,32.0,2.5
E5A21FD22C43F75,0.4,12.0,4.7
1A3CFC8E9AB85EA,14.55,9.0,3.9
4EA8C1A339C67C4,13.31,13.0,4.2
877B69481C7CA43,0.4,28.0,5.0
403602F932EDF33,89.47,9.0,4.6
FEF47A94B2FC80E,18.4,5.0,5.0
76E3541A07447C8,9.74,132.0,3.7
3FD226B279E002F,10.12,,4.6
C557BC5A4240FAD,28.98,17.0,4.3
F8906E975D27A62,90.76,12.0,4.2
6312BE1C8D7C83C,45.32,,3.0
BEE022E25759136,5.88,12.0,5.0
F7EBF45DD22BE19,56.4,9.0,4.6
96503B143604EFE,7.5,20.0,5.0
CC51114F958C7AF,3.53,44.0,4.0
C33B540C1D22031,40.26,106.0,4.8
CA853BEE1CF8E66,61.76,6.0,3.8
EA9C71B32F057FC,16.57,50.0,3.9
760A6DCE7E9A324,61.39,10.0,4.6
18A1AA4A57E7C0A,61.32,59.0,4.5
D53A90585640602,23.76,24.0,2.7
8950EDB14A75C21,51.78,26.0,5.0
7B7E7E5DF242F03,61.93,33.0,5.0
AAC2729BBF4992E,12.62,7.0,4.3
A8AB87089A148B5,0.4,39.0,4.9
2D586CE4C7B9DB0,58.26,24.0,4.5
B32179F034FD27C,10.48,49.0,5.0
3384619903E9E82,7.06,21.0,4.1
83E4435EB9492EE,29.69,21.0,3.3
77CBFB243A0B962,0.4,55.0,5.0
92BF7CFEC05975E,66.75,7.0,4.7
6A6C932A60D5965,6.93,,4.8
213FCFD8023735C,3.78,20.0,4.8
4846FB1BCA35FEF,69.1,67.0,3.8
AB01092CF664B8F,54.53,20.0,3.2
CA1C1B6A11D2821,1.61,8.0,4.5
3AA5F9986A6F7A0,59.63,13.0,4.4
280D831F7A99910,27.12,28.0,4.7
E85406EF92D3799,0.64,14.0,
2A339EE6705DEE2,40.65,30.0,5.0
E476B921BB4E885,69.5,24.0,4.6
BDB8E3A7368F24F,21.41,93.0,4.5
A597FB44F9A2207,59.38,74.0,3.9
A09CD76872F1AB5,16.97,43.0,
7F017CB34B9F0A1,12.8,31.0,
AFBB16925BA4D04,67.62,,
B2863E112CE31C7,0.75,19.0,4.8
70ED2FBAA83C70A,62.34,14.0,4.7
243EC722CBEA269,6.21,80.0,3.7
72BB986976F34C3,0.4,24.0,4.7
5F42F47A669FB66,13.32,,4.6
5728E882DC9974D,63.17,27.0,4.7
195F4B52A092D5C,0.64,2.0,4.0
CE178673750EA4F,36.85,62.0,4.6
E53CD5FBC2C73E8,49.06,,5.0
0F2AEA0CF132DC3,66.76,13.0,5.0
ADFA9971DEAAC97,46.35,56.0,4.4
6F16880AFD57681,0.4,15.0,4.2
9166A26672C0B89,2.55,29.0,4.5
B3AD4F081C8810D,83.56,62.0,4.2
6B1A1FB6507D0B0,53.02,43.0,4.1
3020E75BEED7EBF,72.2,12.0,4.0
DE419195D07D3CB,0.4,21.0,4.0
72AEA4336560C9A,63.46,24.0,5.0
81BAB8C4F860D6C,72.89,15.0,5.0
83C7050BD19A979,76.43,33.0,4.2
B66366E4151A01B,0.4,58.0,4.0
D487F3D38999795,83.33,16.0,3.0
56DAC0DFDC8A688,0.4,31.0,4.6
9E1A30CA5EC753B,80.13,60.0,5.0
1C116C51C012427,37.11,21.0,4.0
799594ADC0C20B2,0.4,52.0,4.2
3ECAA2B55720B73,53.25,158.0,2.4
0D64E9C53B675A9,0.61,82.0,
7F43A5C490A1045,13.42,69.0,4.4
9466CF3A93D74B6,63.63,28.0,4.5
55B0D32608D9CA5,0.4,11.0,5.0
31CBD0F6179DA02,35.86,25.0,
C8ECDCA4265CD3E,5.26,39.0,4.8
2CE797281CDDF80,3.55,19.0,3.9
DDDC8DDBACB8CFB,0.4,7.0,4.9
A6D97924B644331,45.18,10.0,5.0
DB5F0E74E461953,0.4,19.0,4.6
FEA4AC9D8C98128,70.45,10.0,3.3
68B9220B6BD936D,39.73,16.0,4.6
2A24DE449F77AE9,0.4,28.0,4.1
FD94ADAD8C4B8C4,33.26,12.0,4.3
32B6AFE8EB82895,11.41,17.0,4.3
4798B51A4C9F2EE,68.45,111.0,4.5
937288CED263006,7980.0,7.0,4.6
B59F142AE311F86,0.4,55.0,4.8
E2BC267F3847C6B,18.41,48.0,4.3
7F99761B79FACB1,66.72,25.0,
08A1B2AEBB4CD97,37.88,224.0,4.3
AC2DCCB80C56D70,9.9,14.0,5.0
ABCE1A551856277,61.51,25.0,
306A93F87E13E26,2.74,36.0,4.5
5F03B851F3F0315,41.87,42.0,4.4
27F36728D853F9D,22.21,,3.0
353794ADABBF29F,6.54,140.0,4.3
7D9D02E8BD50324,80.8,14.0,4.5
210EA082541C24E,64.7,,
7782AAFD0EB9D5F,15.45,23.0,1.5
C4A8E959F341915,11.44,25.0,4.4
CB7578347165602,5.57,51.0,3.5
CF34497BA5CD0D2,78.37,122.0,4.5
A98499D1448001D,60.67,49.0,2.6
993B638A41BC89D,52.61,6.0,3.4
24B2C72ACBEF515,11.34,41.0,2.4
93C40F12BE09A8F,0.4,34.0,5.0
C3E15821D5200D5,23.67,77.0,3.6
1E48D575F6BE866,13.03,16.0,3.9
CC805976E234A1B,3.37,29.0,4.7
2FB78992B53B5DB,3.49,73.0,2.5
904E7C575BED003,0.4,5.0,5.0
4D862B744AFE5C1,0.4,13.0,4.6
55CA8877AB7ADE6,75.6,11.0,4.7
84312BB99256CA6,1.37,64.0,4.4
6638C1E41F0AD19,20.16,11.0,4.1
B5AA989671D1B63,32.11,9.0,4.7
964424B32483DD0,2.74,26.0,
C8E545972EFFAAA,2.06,200.0,4.4
7B04195A3F797E8,9.06,37.0,3.4
1FB9DCE7D1B60FC,6.13,29.0,4.0
96F5D2D7E685BAF,17.39,106.0,1.9
5260401FFCB0129,84.13,49.0,4.4
B09D4B37DDA7798,5.76,32.0,3.1
DCE5C1A38A1F930,46.38,6.0,5.0
F836363F6A334BB,96.47,16.0,4.8
1A5AF7D3B78E5CE,50.89,30.0,4.6
74D1EFC09233B35,1.58,16.0,4.4
771AD1C6E1CD389,9.49,335.0,4.9
06196E28F6C623D,26.46,4.0,5.0
7D15F194E2849FB,62.75,10.0,4.9
9ABD1609DA3F7DA,34.66,,3.7
8EFBDCBF58A4EE1,0.4,14.0,4.4
F36F20B52AD9071,63.64,75.0,4.6
062CE3C050CF792,62.46,11.0,5.0
92C834FAE87A413,37.47,75.0,4.5
5409B060ABD2B57,36.68,131.0,3.7
BFAC420462E59EE,85.8,26.0,5.0
07D287384FAA788,19.61,210.0,
0AEEAD8F79E456D,39.22,322.0,2.5
5DA6824E5698E90,13.77,27.0,2.6
1AA4DBDE7533AEC,63.93,9.0,
945525D572D402B,72.09,13.0,3.7
C6EBB12D805CDAF,0.4,109.0,4.6
710F4FB022EA2B1,23.86,14.0,5.0
AD96A0F60B5B839,23.71,70.0,4.1
9A95401223F31DC,41.4,92.0,3.0
B11D59F4DB3C40A,57.09,24.0,4.4
7053E11699D7D0F,69.62,2.0,
1164EEC404D2B89,47.4,24.0,3.0
1DAFC96ED3ABEFD,68.3,30.0,3.6
D1DD5F25B348AAA,37.46,12.0,1.3
A633881572F43B6,12.62,26.0,4.5
9D8F4F1523D67DE,14.31,,4.0
BEA7DBDD1EC2249,0.4,46.0,5.0
F2D634F10F5DA28,38.27,10.0,4.2
74EA29C6B71E558,55.71,68.0,
314E9CC13A12180,0.4,7.0,5.0
F3C077D185A580F,34.74,20.0,4.2
73C9FC9ABE1AC32,69.45,38.0,4.4
DA0ACF36469D55A,61.59,23.0,4.7
4BF6857A1600835,0.4,17.0,5.0
2730D5A0A1ED90F,12.98,43.0,3.7
68D7E9B1CEAAA73,9.26,31.0,4.7
6ABEA12C220A391,0.4,14.0,5.0
B868DFAED5F4625,3.25,10.0,2.2
44141FC2A4445B0,59.13,48.0,
122DB4C052DC485,33.36,21.0,5.0
D5D23DE3B146631,43.38,84.0,4.2
7495B828E86E1AF,0.4,5.0,4.0
C272C518BA7C371,7.92,12.0,5.0
BC71B2FC08369E3,36.16,4.0,5.0
2818A9475762AF8,10.72,48.0,4.2
0E35C87224BDDD8,74.17,15.0,
E09F71CD7D3A67F,19.92,57.0,4.5
4F83D88928BE817,11.24,53.0,4.5
392BB40BD13B7CA,5.35,22.0,4.8
11AAF1DD7AA6131,4.56,7.0,4.7
C21AEEEAE6297F1,15.35,,
07855D4242111B1,58.35,22.0,5.0
7CC43D4100752AF,6.22,9.0,4.5
DACB2E9F8DA99F8,52.74,10.0,4.4
7E43820082F15E4,91.31,15.0,
B86FE84579222DE,38.11,98.0,
0406ABBF4810F1D,71.81,33.0,4.4
6768907133AEAEB,10.84,6.0,4.9
CEC4C615EC093A0,9.48,300.0,4.4
AEB6A238BA70AEC,0.4,59.0,3.8
E9963E1A97A16C3,8.5,19.0,3.8
4D36C71F0A0CB72,55.39,8.0,4.6
E8216DC064D0BE0,8.2,16.0,5.0
66F785B1FF8C1CE,0.4,22.0,5.0
5DAE1F3CA276078,14.92,,4.2
8169B56368E9237,0.4,104.0,4.4
6C05F759E6A3718,105.98,41.0,1.9
D7D8ACE8F7BA1E3,67.1,3.0,4.1
F04F9655BD8DD0E,51.86,31.0,
DC2102AF5CBB822,53.61,16.0,
9C48602E7906E76,64.01,28.0,4.3
AFBDF181F3C97AC,75.65,19.0,4.6
E762966F070B9A7,9.84,69.0,
8539E4FEE5E0CC6,1.79,24.0,3.5
8E4D3038BA184BF,0.7,17.0,4.8
A2A47C8E1A37883,64.49,34.0,3.8
C8EF7DFC04639C6,69.62,29.0,
37C260119217EF0,23.55,26.0,1.0
F035A6FDD83CB60,18.87,18.0,
8BEAEFA92F7B938,52.84,68.0,3.7
7BFAAF88F811FF4,66.66,68.0,5.0
13B13870E70AA95,46.62,,3.5
48D6A1466C2E1CE,60.95,8.0,4.5
51530B4140C9CBA,20.9,17.0,3.1
FBF09140D00D291,14.63,18.0,2.6
9F2F2E38923B940,48.28,174.0,4.6
FE87A916806E437,87.5,70.0,3.8
B33C5947ACAF05E,68.83,76.0,4.1
48C48B6BE2CA287,57.47,10.0,2.5
F7DD1B49BE1DD70,5.61,36.0,
40AC5517207DE85,14.53,5.0,4.0
125B59AA5B90CF8,51.61,6.0,4.7
DAEE5FB40A40D84,4.38,4.0,3.7
FF79F71D4C46991,24.68,10.0,5.0
627595F88375E40,13.46,18.0,4.1
B7E98F45D35B8BB,30.06,36.0,5.0
C18664509697856,70.02,89.0,4.8
1A20253D1F90810,29.56,31.0,3.4
F38D1BBAA39718D,42.79,23.0,5.0
24A61F66881A64D,78.13,159.0,4.8
E189FB8A252C6A9,26.8,95.0,4.9
E4F082C79E99925,7.11,60.0,5.0
33779845FBB5127,55.36,15.0,
886EC5B9D99B49D,6.2,13.0,4.6
A1BE47AE31552F9,41.12,59.0,4.0
45448C78E7BB605,66.4,26.0,3.6
3FD27FDABEAAC79,58.73,47.0,4.2
2998F2284F7D2DC,10.3,160.0,
92AEFEE0D2EF02C,0.4,100.0,
FA01A7873FEDE4F,52.29,29.0,2.9
FE3C5E13E5DB820,0.4,20.0,5.0
9C3D35ECE1909B2,65.06,26.0,4.1
76246FC2D0E33B3,0.4,18.0,5.0
68346C5EFB9350D,70.86,12.0,4.3
5D5D57EE45FE16C,34.51,20.0,5.0
17F86AC653726B1,51.32,18.0,
E2DCA02C90EE383,45.05,45.0,
45D5B68F5280DE3,47.34,50.0,4.4
93D7FB522F599BD,44.45,66.0,4.1
DCF42E4171D9DF6,16.47,15.0,4.3
221E2F7A6A3BE3B,38.82,42.0,
D3EF6947C870872,98.8,29.0,4.2
5DA3A918F2C9AA7,0.4,48.0,5.0
63B2F2A3119B240,0.4,18.0,4.7
0ABE620D75C85CD,60.41,20.0,4.9
6DFD625732B6F60,2.89,5.0,
1B1C69212FA81CD,78.0,15.0,
1D4A5DE8DB6DD25,74.35,93.0,3.4
722DBF7B2461D6B,46.02,65.0,3.0
1486E92CFBC2222,49.19,45.0,4.1
B98E96B86585306,10.24,34.0,3.8
D93EE3D33DD046A,65.72,5.0,4.4
94BF8C696E9AF6C,0.4,69.0,3.6
E67DA5609D6555D,6.87,101.0,5.0
977F00F14A3A04B,72.41,71.0,
64512DA4048C41F,17.93,25.0,2.2
23BDA5E7E851635,0.4,82.0,4.6
29D5F6AF1BC061A,17.34,76.0,2.9
8B0FDFC6F4C125F,0.4,23.0,4.8
3D84AF637CC1F33,38.63,70.0,4.9
866922BFF46E305,23.02,42.0,
C9BFAE1484A71A6,12.7,30.0,4.7
4EA8676FF4D75A0,50.09,22.0,4.7
B897DA5C4F9CBA4,12.27,7.0,2.8
77DBFF13F2133D5,34.18,7.0,3.9
48C29AADA28659F,1.8,12.0,3.2
6541391BACA9A80,9.51,3.0,2.3
38BD586C2FBA33E,12.42,10.0,4.1
3A0337584A0331A,14.97,79.0,3.4
B3150F089F6998B,27.76,104.0,4.5
4B7F356CFA01B64,62.55,4.0,4.5
8E97447007295CB,4.71,3.0,3.9
879DCC76C824E6B,89.56,26.0,5.0
BE5CE1E3164ED6F,7.55,27.0,
156E9DFCE2A0245,5.33,31.0,4.1
2238855C79C4324,6.97,25.0,4.5
412423A47F746D6,75.3,12.0,4.3
A248ABE52047E9E,86.38,14.0,
5E0181B868DBD06,39.1,37.0,
BDFA4DD0AF22141,61.56,122.0,
B9A40FCF07BA45F,77.21,41.0,5.0
42372BA41C26C04,12.69,35.0,4.9
4BFBEE093839AE6,46.92,2.0,
107D86F65B61849,17.27,27.0,3.7
656D6C299649B5A,60.18,19.0,3.8
5866CFB002F9E37,65.22,56.0,4.7
3EA84E55FC8B955,6.36,103.0,4.8
26E1CEDC81B43F9,53.61,50.0,4.8
4FBC4FA257C7C0F,12.2,9.0,4.1
FE4A03558960359,58.36,47.0,4.0
9B9DEC693B3D065,7.04,8.0,4.5
D006E2D11D344E3,26.16,88.0,4.6
F5EB5270142A6D9,56.35,159.0,3.7
052227C523D5CD3,59.09,5.0,3.4
1B25A40058F7C7D,62.8,41.0,
9CBFDFB4046A496,0.4,10.0,5.0
C957EF90FD4DF37,7.46,83.0,1.0
0C7EB00174F7943,6.63,83.0,4.5
FF51BA73277DA00,106.89,19.0,4.9
55B1B19700DA9A1,67.04,13.0,3.6
878F569288EFF4C,5.04,45.0,4.5
6560AC2E6FBB127,13.5,30.0,4.5
576F64E5873224F,24.05,75.0,5.0
AD4FFA28BB512AB,13.72,21.0,4.8
8ECA5F08D664D45,53.6,148.0,5.0
A4534F487964937,23.7,117.0,4.7
E8FC25E63663660,61.59,53.0,4.4
DA9008FD49E1E9E,0.4,20.0,5.0
8AF5E9C89767BDC,68.13,101.0,4.9
AB2481C0FE3E38E,45.64,121.0,4.6
4BD4C332A98C570,1.01,71.0,
EB46C28ECD16467,50.85,15.0,4.9
1BD366398E7656B,65.54,7.0,5.0
3C55194DFA70A0A,75.51,6.0,
09324A408EF2EED,40.71,22.0,3.7
003A6C0CE544515,71.2,76.0,3.4
244E570B852EA2F,58.57,37.0,4.1
946D5E7B8EB12F6,63.07,37.0,4.3
1AA864C5392F47E,0.4,12.0,4.3
5788E2E673E19A5,48.26,8.0,3.5
190DC8795A14887,32.62,15.0,4.1
DEDBC7ACB3702D5,56.53,66.0,4.4
6B4EBF50A3FE9C2,62.06,8.0,4.4
D3AE760B3C85E7D,49.06,7.0,
A01067F8DC05F13,41.54,40.0,5.0
1F824ECF02585AF,70.41,29.0,4.4
46FDA03C502F97B,51.36,25.0,4.3
281B048847F96A9,37.47,16.0,4.6
2A5471FB4DE198F,7.14,269.0,3.9
2B04DC44EEE2DA5,22.47,50.0,
2FC92262B6D507E,7.04,38.0,4.7
E3E8DB167FE3CE4,5.27,79.0,4.6
F3A035054C14356,3.78,,3.8
663EDAEE07DDB2E,4.37,12.0,5.0
2391617C6FABB1A,60.29,158.0,4.3
CE59296298DD549,18.49,16.0,
B3452FEB326210C,85.91,3.0,4.0
9A9F703A2CE5BE3,58.73,4.0,4.5
ACCD8BF8CEB7FD1,74.13,303.0,
34B9BE4FD77FF02,3.04,68.0,5.0
BAC878B5C87F217,21.23,38.0,
D219CE3C024B93B,58.96,10.0,5.0
F1541FE8192F432,49.64,53.0,4.8
A9F8F75D202D361,36.56,8.0,5.0
DCFE804CEB9C06F,63.33,11.0,4.4
34EE25B04D6157A,2.04,9.0,
C7E10FC69801188,53.71,112.0,2.3
C54E1907434FE81,6.16,70.0,
C19E04A23AFEF49,16.9,108.0,1.5
6B11D9F16F3A139,60.77,18.0,5.0
76EDF7C87008F28,84.5,59.0,4.9
22795E3361E66CA,52.1,22.0,4.5
971BC8E64FDB618,30.4,133.0,2.7
819C100E5D8B1D1,58.67,12.0,5.0
4177CE8BFB9D065,73.12,4.0,3.6
F2B8FBBBEF23DB4,4.96,93.0,4.4
8463C4E8B3F7B3C,71.32,39.0,4.3
EE52B684FCB13E5,9.06,23.0,4.9
325D30AFEA40810,21.2,27.0,4.3
426BCA6DCAF4676,42.68,32.0,4.4
E7DFC9884F0DA46,40.11,39.0,4.2
2AA29F14C171A4D,1.38,64.0,4.3
23CFB7CBB4993DC,21.0,25.0,4.5
10F75A3DE1CC3A8,63.07,72.0,3.6
EEBDF0D1A3F292B,13.03,24.0,4.5
51EA296D735047D,7.19,78.0,3.6
C767E482C78D2B5,20.3,11.0,3.4
11F464BD8134D6F,49.45,18.0,4.4
695408B79A7446A,42.72,,
9E64CB1D8767A6D,0.4,36.0,4.0
4CDE1CD357B2E6D,53.32,4.0,
0A3DBE9BECC9684,92.2,13.0,5.0
0CD6F0F3196BDFD,23.39,63.0,
EF68D706AC88DCB,30.48,38.0,3.6
4172B1585D79821,76.11,5.0,4.2
84E04C446A60BB5,3.03,17.0,
270DB2ACF12AF55,8.15,45.0,5.0
AA6B8C06372DB1F,75.53,16.0,
C3D6351E196C4AF,5.82,9.0,4.1
74E3DED2865D9A4,3.92,25.0,5.0
09D9D6A4BCC754B,0.4,31.0,3.1
651C036090FDF07,29.57,72.0,5.0
B977EDD0D183E47,12.26,36.0,3.9
DBFA62C6C8A8B3B,77.18,5.0,4.7
73A6166C519FEC3,9.64,82.0,
EA4D95ABC45AFF9,72.08,23.0,4.1
D000E116A90C285,34.07,52.0,2.3
0B3BEF14DF26D2A,9.74,89.0,4.6
E6071B6D2F5D3A9,56.91,5.0,5.0
4E20BF57CDC7B2A,41.54,56.0,4.7
D9FA89662FB1E54,6.04,76.0,4.2
A3844B0FF125CA9,49.21,40.0,4.4
FA2B32A2A39B37F,22.04,,3.6
C78C6F47E58F946,38.29,24.0,5.0
D686142CA4728FC,0.4,16.0,5.0
DB0763316FE5B8E,1.4,52.0,4.8
1B62E9B6ED51556,11.58,23.0,3.9
487C1BE3A98A254,11.43,48.0,4.0
90AF03B84B9864B,44.41,9.0,
D136F4F45F18D39,13.3,16.0,5.0
D95C12179536916,20.7,28.0,4.4
55768AF0676473F,49.59,19.0,
5DD71686E95FF54,0.4,47.0,4.8
8F9DB4E934E7F60,49.42,23.0,3.8
5709FD7C5462C6D,62.01,39.0,4.6
0B2C78D7C5E292C,67.09,11.0,3.7
FF3AEEF9FE204FE,0.4,395.0,4.0
9EC83945015591D,12.77,92.0,
83D3F9C0CC8F8A3,73.85,22.0,4.3
778301568AAC6A7,84.09,,4.2
400A58E91F4964E,28.19,12.0,4.0
DF81C16E8196ADF,3.26,9.0,
51B7E80331BBB6D,62.7,94.0,4.2
CD134FFA00B1BC9,20.57,9.0,2.9
0AB84092D0D0E32,12.51,28.0,4.4
1F2E795FA976E5C,33.57,16.0,4.7
9EEE5E860680708,2.8,,4.4
67CA179AE8C2B50,39.23,78.0,
A44B3AD8EDCC756,35.86,13.0,4.9
AD4E30282CF4B2B,33.36,15.0,4.7
5D2CF3A1E6CF3FF,73.33,124.0,4.8
741BB8803988C33,35.73,12.0,
AA3FCAB87072DEC,61.21,,4.7
D0F0AAE134E74AB,16.98,44.0,5.0
C6A0FA652950AEC,50.6,36.0,4.4
225E63CB6445156,43.76,34.0,4.6
5E26FDD3C9211D9,19.43,9.0,3.2
016B25A06BBD194,92.56,9.0,4.0
31FD5CADDC06FA8,29.68,42.0,4.3
61D3AC36DABF6E5,4.24,49.0,4.4
C1106AA8F2C1C45,1.38,73.0,3.9
88E73587C52DF6C,10.66,41.0,2.8
AF1B6C74E359C79,50.67,19.0,4.1
7E337CDB72C9FBB,50.5,31.0,4.7
D3FACD9D75B2608,6.82,11.0,4.2
5D86BBC7ECB27A6,9.07,160.0,4.7
775CD70755D6A06,44.27,71.0,4.6
78DFC2C33C2B5E6,54.05,397.0,5.0
BDB74C53584B72F,11.71,20.0,1.8
7FE8A263557B76E,51.09,18.0,4.2
8A3BA73CCD17E13,6.2,125.0,4.7
11CBC72ED18A503,63.96,31.0,5.0
24BD515489CCFE5,74.57,23.0,4.8
7C5EA3E0B6D9E84,71.51,24.0,2.5
74056C0DF6FF9F2,0.4,20.0,3.7
07C235876F42337,12.34,73.0,3.4
463DC8110ADA238,0.4,80.0,4.6
DCB7BD58E1F2C12,65.21,33.0,4.8
3F60B97F3B554E3,46.44,18.0,4.7
92B51B4DC9B5C09,62.42,11.0,5.0
42055AED276F3F5,52.45,15.0,4.5
90A8FFECE5793F4,5.49,8.0,3.7
5F0C95A88EE2501,22.12,11.0,1.9
AAE92DB5010FA3B,13.55,15.0,5.0
32AA4AEE4FFD0AC,13.82,36.0,5.0
C7EEE08CC7EE0D7,0.41,8.0,4.6
440CB4AB26F6C4B,83.68,11.0,3.6
5DB029C490E094D,0.4,13.0,4.9
F3FAD918E0FFD55,16.79,11.0,4.3
5491933984DF2C2,0.4,12.0,4.6
CC4C942BAEA2F95,25.85,83.0,3.3
44CEA42D1CB4120,0.4,24.0,3.7
4A87A36EA6D7639,12.69,7.0,
452E9C117C1AC7D,8.21,23.0,
4A214B7DAA894E7,83.63,60.0,4.6
CE8D17F728DB3D3,84.73,25.0,5.0
1A4FA5954D4AD65,49.55,209.0,4.6
D4CF3D1FDB355E1,96.4,11.0,4.4
EFFDB7193176AAB,6.06,64.0,4.5
589F3D8F68360D6,54.73,54.0,4.6
9B1910F560F8C8B,82.06,50.0,
7DE4277540E5FD3,54.45,22.0,4.4
F1FE57A9EB97907,0.4,44.0,5.0
26CE4D9F0B03ABE,51.76,47.0,4.4
CBCAD75784D4D17,72.71,18.0,3.6
52752AC783CFF3B,6.88,16.0,4.3
734F13936FF92E3,50.11,,3.5
0A3CC4AEFA6CD31,94.88,34.0,
4B894D5939A3BF8,59.95,19.0,4.9
1ED2B6ACCDFDDBC,0.4,96.0,3.8
EBCAEE778EB4BA0,49.82,19.0,4.7
589524AC0E7B34E,67.73,20.0,4.3
8C07BB15D6505F4,66.98,98.0,2.9
BBEDDE1E6DC37C4,92.67,21.0,5.0
CDD27F3A5522D75,53.58,32.0,4.3
AF111B4EC9083CD,46.31,10.0,4.8
E24287AA2BB48B1,19.82,,4.8
676F31C5A331470,2.21,3.0,5.0
987EFF55B943D3F,10.83,9.0,4.6
D94BD227C9B9982,1.05,,
49E12D5AE5A1C53,70.28,34.0,4.0
16CA93D5F87E13D,60.52,14.0,4.8
CBBD452E148B7A4,8.98,26.0,4.8
0383AC16137FEC1,41.93,5.0,1.6
AF2D8B5C454C90C,68.93,15.0,5.0
8C21B6F12B3E85A,64.92,7.0,4.2
D4E3F51239DA30C,14.78,87.0,
8F1E7212540A8A8,12.18,60.0,4.5
A92F80B8D687DFB,39.16,,3.3
692134E1A7CC209,45.9,39.0,5.0
592DDCEBAE5C9F1,99.1,11.0,5.0
2B03914A33E309F,60.62,18.0,4.7
78D188D8CC0B1DB,52.12,,4.7
6960E6224E5BADC,17.53,17.0,5.0
2F38211FF0DC72F,18.86,81.0,4.0
94E2BD3EF26092C,69.29,26.0,
B76C4EF2FDF7FBE,0.4,145.0,4.5
672E5E69EA50E1F,78.32,19.0,4.6
CE64F5F37D11569,0.4,13.0,4.2
C41E1C55CF5CA9C,6.46,38.0,5.0
7695BDD016D5C22,0.4,78.0,3.6
C2ED093B2906887,0.4,27.0,4.0
62C6B817EBA19FF,25.72,36.0,2.7
6A244F8CF4D173C,22.99,59.0,3.9
97159AEBD5F952B,6.57,13.0,3.6
A34B11C04E0C9E5,80.47,43.0,3.8
E1A7FB71D9D4F0C,3.63,90.0,3.9
30039984DE5AC06,100.45,523.0,4.9
09F607DC4D9A05E,5.37,61.0,1.4
F5DF32BCC0A61F9,11.74,34.0,4.4
F337C5187E3CA3F,15.88,24.0,
5E2D32622CA2CE5,2.32,25.0,4.7
EB4BAC07050DD7C,32.97,8.0,4.6
DCB3F842AF5B09D,0.4,18.0,
57712A2B6DB4D98,56.07,4.0,2.2
20FC461232E83C8,44.67,19.0,
73E3EB766AED1D6,63.27,10.0,5.0
D71A4CEF3831DE2,7.06,89.0,5.0
F31B0FE2E661CFF,10.14,28.0,3.8
8E825832FA79CFF,48.41,,4.6
42D2576F32DAA14,33.37,160.0,4.4
9B028794D17665C,35.89,11.0,5.0
30C5D6E42AD64A4,1.9,59.0,3.9
AEF04AF04D31EA5,32.18,195.0,5.0
A2B808C17CF4AAA,10.17,18.0,
E2BF78AC7B4D9D7,45.9,47.0,4.7
3D1F382C6D1FE36,2.55,44.0,5.0
1F4A27C5A06ED72,62.59,15.0,4.6
A7F0D96B2937F20,20.39,50.0,4.4
8264369B3036379,59.45,15.0,4.5
E5A9ABE68F15AD1,35.54,1.0,5.0
4548CF2A94E6434,18.13,,2.5
A56AAC2564B2F35,6.25,16.0,4.6
D8079124AE7981A,9.66,20.0,4.4
942FEC90B468042,1.39,18.0,3.2
D196AF1A8680030,74.47,86.0,5.0
C8EAA7819A34088,66.54,31.0,3.8
E8AB7594F1DC047,42.26,,
B23ABBDB9C1CFC4,32.45,,3.8
2ACC20B398C7B76,0.4,,4.9
7C5E66F63ED3839,75.01,6.0,3.9
48252C3908B991F,20.02,12.0,5.0
8D83CA070C6DED9,69.55,63.0,4.3
202D425C1DC7DF1,7.57,60.0,4.7
FFCBE2D4A222AB9,19.62,31.0,4.0
0466C2BAB65B9F2,42.19,9.0,
06533E462DE24E7,46.63,4.0,3.6
9B83B0AB32E15E8,0.4,44.0,4.5
5B4E5B3D2825C94,24.6,15.0,4.6
C6FCDA1B40163EE,60350.0,9.0,5.0
E812BC546DB7047,38.55,5.0,4.0
7B263E2A66024BE,20.94,25.0,3.9
0D803BEBD78D726,0.4,25.0,4.3
F183C7C3DF1EDB0,54.22,7.0,3.9
BA142A65DF565D3,52.05,92.0,
E23241338EA45C0,0.4,18.0,
32983DBC3B73F37,9.92,13.0,
FFE35AAD097BF0A,36.83,4.0,4.9
0D2BF079BB6359A,0.4,16.0,
24B1F8B53DED39B,4.73,14.0,4.3
26C94DB5D2766F9,0.4,3.0,3.3
0E17614B442AF92,31.33,167.0,
AB357B28AD3ED32,13.97,42.0,5.0
601611A5ADC286D,46.04,22.0,4.2
3DBD3A36151C5E7,53.08,12.0,3.9
BA358899CC4A7D4,61.25,8.0,
F3CCC7BDBB6F2A4,16.91,29.0,3.6
5324BCA11219E4D,3.86,21.0,5.0
4AA7AD5A9A7BF45,44.61,22.0,4.9
A4F3123411590F2,0.4,58.0,3.9
813EFED904284FC,29.62,,5.0
D8140E1ABC2387B,10.53,191.0,4.1
8BC7C9F0953B8A7,2.96,39.0,4.9
D60F60690144844,2.65,7.0,4.2
3FD2F77E5D10C02,43.14,46.0,4.5
D5B312EBD0B402E,37.11,7.0,3.8
BF43401012EB386,0.51,,5.0
4F0FA73DB7BC0E1,0.4,27.0,4.7
F5A88273596BD26,0.4,14.0,4.7
200DDCD473C9453,68.57,15.0,4.5
F7ACDB6E889E930,15.52,40.0,4.1
ABDFF5C3F5EFB09,34.58,70.0,4.5
BB2CAD30B991E67,0.4,152.0,4.0
25E5726ED990EF7,45.52,20.0,4.2
BEF573905E7329B,10.59,17.0,3.5
DD5855B687FA997,9.4,61.0,3.6
8A44C3026D70DDA,0.4,43.0,4.1
D8D358155726C86,8.59,18.0,4.0
65312CFE73D800D,55.63,9.0,4.7
6CA5A912DFC2F48,50.49,19.0,
E132549A79D1491,5.74,18.0,4.0
BC324BB058FDAF2,33.78,42.0,4.4
0BF1CC56CC32F6D,0.4,94.0,4.4
E9919EED4A64C64,11.96,41.0,3.7
EF38E8EE1C8999E,55.16,224.0,4.8
56D8DD9E8B20029,45.78,30.0,4.4
F308B3082D984BA,0.4,154.0,4.1
B189AB1E9576202,0.66,160.0,4.3
FE44495A344C406,6.84,18.0,4.1
312FE3DE9F1BF2D,69.41,7.0,
D4C1D855A54EE5E,0.4,15.0,3.8
D59B766F1C844CF,0.4,70.0,4.3
ECB56CB8A375AA2,0.4,11.0,5.0
C1CC12E657F4F2A,11.85,6.0,4.3
28FE9671AB1A8AE,41.35,10.0,4.8
9C1C5884FBF4415,34.18,35.0,4.8
0FAEB89DE7EB7C8,52.71,52.0,3.7
09A62BFB1BFD400,32.03,22.0,3.8
DC943F19E39B4E3,52.82,3.0,3.5
361236A715B5DBB,64.53,12.0,
599013925F68F9C,0.4,46.0,4.1
D2D4F75C2CECCD2,89.54,,4.5
0F52F1EB9648F99,64.74,18.0,4.4
1A9B0B60F50807C,0.4,32.0,4.6
389BD0B183811F3,2.08,32.0,5.0
59CBD6988776C24,17.01,25.0,5.0
D9A7A444C009B6E,0.4,230.0,3.8
36F7BA8435773C4,46.89,16.0,5.0
A2A22270B8DD946,0.4,65.0,4.5
1C3DF442FD0FC0E,62.73,,4.6
CE3152BB19783EC,35.26,49.0,5.0
C09A91DECEA24F3,41.96,18.0,4.3
2689611EDFDF107,24.57,30.0,4.1
4B8CCA12785C242,99.57,61.0,1.7
3908C879F590F30,0.4,26.0,4.0
486C37F642BEC57,6.47,35.0,4.7
5E83D195278B6D5,64.64,35.0,2.2
37A65CBB862A136,14.47,29.0,2.9
F54F4D3F32A597F,53.54,6.0,4.9
15FC033BFE82EAA,78.76,61.0,4.9
3EE5AC0102F3F0B,45.14,14.0,4.7
A934B67E197B2B4,13.24,12.0,3.1
2D7EA27BBC4A1FB,11.18,9.0,
05985FD1600765B,0.4,11.0,4.1
D7BD718FE12A78D,60.19,2.0,
0D43F6CDA9791F2,3.14,49.0,4.4
C264B935C1BBDB7,0.4,44.0,5.0
3361E5C0BCCC425,0.4,132.0,3.5
BA09FFC343E3AED,19.29,74.0,3.6
9EC267C297C18BA,5.4,21.0,4.7
107A99181D48BC0,57.61,,
BAE5FBF4908CD83,74.18,41.0,4.3
DA3918DBA503A6E,47.2,10.0,3.5
DA26F2C33988389,14.35,90.0,4.2
070D22C5E38AA30,4.34,60.0,4.5
36432EAAAF17D51,31.04,42.0,4.3
3753ED94D1DC861,1.97,32.0,4.1
5C4B4D72917B55C,48.73,17.0,3.1
A65335AB07FBEFA,9.54,16.0,
6F475E4F91C702A,15.64,91.0,4.0
0EA033B80428972,9.2,33.0,4.0
858708AA3A2A020,119.52,105.0,4.3
4BD475C2C45FCF0,27.31,30.0,5.0
EB3B7451A845BF7,55.4,7.0,3.9
4BCBCC8B4050AC0,82.6,154.0,4.5
98FC5CD58811365,34.22,53.0,5.0
04D1A2AA48A0584,12.83,141.0,
752EBD0EF69F2A3,35.58,,4.8
3D4EF88A674FEC7,13.19,42.0,3.4
6D1E226A7952BAA,52.67,,4.8
41C0452767650DC,17.84,17.0,3.9
A5E41DFF65C1CEA,1.62,25.0,4.6
135183465D50F7A,0.4,,4.4
BDAB4F1F2DDF829,10.54,11.0,4.2
BB7DD1F347AE41D,3.55,4.0,4.5
BC8832800E6E811,2.7,36.0,
3FD126198BE14B9,7.48,25.0,5.0
7A43071EF843FCC,91.61,34.0,3.3
8377DCF04F8C10B,5.37,5.0,3.7
9D094067175F56E,0.4,13.0,4.4
E04231CDE38E1B8,62.22,11.0,
FD556DAA176A007,0.4,8.0,5.0
37C602FB49D4925,25.19,13.0,5.0
0F1D8E563F34C1D,52.04,129.0,4.7
A947C583F0DDE4D,61.61,21.0,5.0
E6BD896866A495A,3.96,147.0,4.8
1177141C0A9A6A8,42.29,51.0,4.4
4590499E84BFE16,6.19,20.0,5.0
